sample_id,true_label,target_class,direction,budget,operator,full_logit,perturbed_logit,Q,logmel_target_NRMSE,stft_magnitude_target_NRMSE,waveform_gap_vs_OP,magnitude_gap_vs_OP,logmel_gap_vs_OP,phase_gap_vs_original_rad,gl_random_seed
0,0,0,OUT,0.1,OP,-0.02717682719230652,-0.027643784880638123,0.000466957688331604,0.27464598417282104,0.303695410490036,0.0,0.0,0.0,0.0,
0,0,0,OUT,0.1,GL_ORIG64,-0.035429924726486206,-0.035855308175086975,0.00042538344860076904,0.3163258135318756,0.07056114077568054,0.6430400609970093,0.30787786841392517,0.09170376509428024,0.6582252383232117,
0,0,0,OUT,0.1,GL_RAND64,-0.03575552999973297,-0.03613370656967163,0.00037817656993865967,0.31726789474487305,0.06758347898721695,1.4345147609710693,0.31446096301078796,0.09318293631076813,1.566293478012085,42.0
0,0,0,OUT,0.2,OP,-0.02717682719230652,-0.0278317928314209,0.0006549656391143799,0.27469396591186523,0.3037312924861908,0.0,0.0,0.0,0.0,
0,0,0,OUT,0.2,GL_ORIG64,-0.035429924726486206,-0.03603106737136841,0.0006011426448822021,0.3163801431655884,0.07057427614927292,0.643116295337677,0.3079196810722351,0.09171673655509949,0.68902188539505,
0,0,0,OUT,0.2,GL_RAND64,-0.03575552999973297,-0.036300256848335266,0.0005447268486022949,0.3173210024833679,0.06759405881166458,1.4345133304595947,0.31450217962265015,0.09319108724594116,1.5653595924377441,42.0
0,0,0,OUT,0.4,OP,-0.02717682719230652,-0.02805081009864807,0.0008739829063415527,0.27567946910858154,0.3040066957473755,0.0,0.0,0.0,0.0,
0,0,0,OUT,0.4,GL_ORIG64,-0.035429924726486206,-0.03608983755111694,0.0006599128246307373,0.31751978397369385,0.07065703719854355,0.6435455083847046,0.30823686718940735,0.09187620133161545,0.7049677968025208,
0,0,0,OUT,0.4,GL_RAND64,-0.03575552999973297,-0.03630642592906952,0.0005508959293365479,0.31845614314079285,0.06765349954366684,1.4345797300338745,0.31481605768203735,0.09332723170518875,1.5664784908294678,42.0
0,0,0,OUT,0.6,OP,-0.02717682719230652,-0.02805626392364502,0.000879436731338501,0.27710333466529846,0.30432361364364624,0.0,0.0,0.0,0.0,
0,0,0,OUT,0.6,GL_ORIG64,-0.035429924726486206,-0.03573952615261078,0.00030960142612457275,0.3188836872577667,0.07045983523130417,0.6439903974533081,0.30871573090553284,0.0913383960723877,0.6989526748657227,
0,0,0,OUT,0.6,GL_RAND64,-0.03575552999973297,-0.03589524328708649,0.00013971328735351562,0.3197857439517975,0.06755871325731277,1.4332497119903564,0.3152683973312378,0.09269159287214279,1.5663622617721558,42.0
0,0,0,OUT,0.8,OP,-0.02717682719230652,-0.023415401577949524,-0.0037614256143569946,0.31516119837760925,0.30248305201530457,0.0,0.0,0.0,0.0,
0,0,0,OUT,0.8,GL_ORIG64,-0.035429924726486206,-0.03012169897556305,-0.005308225750923157,0.35520368814468384,0.07029339671134949,0.6404509544372559,0.30655956268310547,0.09122195094823837,0.6724440455436707,
0,0,0,OUT,0.8,GL_RAND64,-0.03575552999973297,-0.0302770733833313,-0.005478456616401672,0.3559657633304596,0.06762916594743729,1.4372462034225464,0.3128025233745575,0.09232862293720245,1.5665390491485596,42.0
0,0,0,IN,0.1,OP,-0.02717682719230652,0.048649758100509644,0.07582658529281616,0.13467976450920105,0.21096868813037872,0.0,0.0,0.0,0.0,
0,0,0,IN,0.1,GL_ORIG64,-0.035429924726486206,0.04857785999774933,0.08400778472423553,0.07975098490715027,0.08791713416576385,0.5069397687911987,0.18840710818767548,0.10198186337947845,0.6176009178161621,
0,0,0,IN,0.1,GL_RAND64,-0.03575552999973297,0.04854094982147217,0.08429647982120514,0.0943693071603775,0.09509352594614029,1.4616868495941162,0.20093940198421478,0.12068512290716171,1.5694308280944824,42.0
0,0,0,IN,0.2,OP,-0.02717682719230652,0.04894322156906128,0.0761200487613678,0.1255868524312973,0.20299704372882843,0.0,0.0,0.0,0.0,
0,0,0,IN,0.2,GL_ORIG64,-0.035429924726486206,0.04886747896671295,0.08429740369319916,0.07506392896175385,0.08572536706924438,0.4911184012889862,0.17958670854568481,0.0932835042476654,0.6472581624984741,
0,0,0,IN,0.2,GL_RAND64,-0.03575552999973297,0.04882758855819702,0.08458311855792999,0.09027068316936493,0.09279598295688629,1.456557035446167,0.19244208931922913,0.11257084459066391,1.567713975906372,42.0
0,0,0,IN,0.4,OP,-0.02717682719230652,0.049978241324424744,0.07715506851673126,0.10695679485797882,0.18361139297485352,0.0,0.0,0.0,0.0,
0,0,0,IN,0.4,GL_ORIG64,-0.035429924726486206,0.049763962626457214,0.08519388735294342,0.0699823796749115,0.057034097611904144,0.4692063331604004,0.1715492308139801,0.0841178447008133,0.6615701913833618,
0,0,0,IN,0.4,GL_RAND64,-0.03575552999973297,0.049688294529914856,0.08544382452964783,0.07513133436441422,0.06639937311410904,1.4095720052719116,0.18438617885112762,0.09300082176923752,1.5672575235366821,42.0
0,0,0,IN,0.6,OP,-0.02717682719230652,0.05057282745838165,0.07774965465068817,0.17475901544094086,0.2186852991580963,0.0,0.0,0.0,0.0,
0,0,0,IN,0.6,GL_ORIG64,-0.035429924726486206,0.05002744495868683,0.08545736968517303,0.19577603042125702,0.08051320910453796,0.530411422252655,0.19847175478935242,0.12277977913618088,0.6524072289466858,
0,0,0,IN,0.6,GL_RAND64,-0.03575552999973297,0.04986561834812164,0.08562114834785461,0.2003810852766037,0.07411414384841919,1.547972559928894,0.21056801080703735,0.12973958253860474,1.5686452388763428,42.0
0,0,0,IN,0.8,OP,-0.02717682719230652,0.04750901460647583,0.07468584179878235,0.35818278789520264,0.3353518545627594,0.0,0.0,0.0,0.0,
0,0,0,IN,0.8,GL_ORIG64,-0.035429924726486206,0.0456923246383667,0.0811222493648529,0.379626989364624,0.0825207456946373,0.6838003396987915,0.34241798520088196,0.1415589600801468,0.6338779926300049,
0,0,0,IN,0.8,GL_RAND64,-0.03575552999973297,0.045562222599983215,0.08131775259971619,0.38077548146247864,0.07226987928152084,1.340213656425476,0.35304176807403564,0.14419154822826385,1.5705397129058838,42.0
1,1,0,OUT,0.1,OP,0.04159186780452728,0.041498661041259766,9.320676326751709e-05,0.020802084356546402,0.0575050488114357,0.0,0.0,0.0,0.0,
1,1,0,OUT,0.1,GL_ORIG64,0.04146873950958252,0.04139015078544617,7.858872413635254e-05,0.01664474792778492,0.02324402518570423,0.16615541279315948,0.04982317239046097,0.01939241588115692,0.6216174364089966,
1,1,0,OUT,0.1,GL_RAND64,0.04124915599822998,0.04118047654628754,6.867945194244385e-05,0.03258157894015312,0.04475691542029381,1.323773980140686,0.06333687901496887,0.03531214967370033,1.5716396570205688,43.0
1,1,0,OUT,0.2,OP,0.04159186780452728,0.041393354535102844,0.00019851326942443848,0.02058841846883297,0.054124560207128525,0.0,0.0,0.0,0.0,
1,1,0,OUT,0.2,GL_ORIG64,0.04146873950958252,0.04128332436084747,0.0001854151487350464,0.01660798490047455,0.0229243952780962,0.16012120246887207,0.04610533267259598,0.01916828192770481,0.6402713656425476,
1,1,0,OUT,0.2,GL_RAND64,0.04124915599822998,0.04107308387756348,0.0001760721206665039,0.0326048880815506,0.04475359246134758,1.3231014013290405,0.060243330895900726,0.03517802432179451,1.5717309713363647,43.0
1,1,0,OUT,0.4,OP,0.04159186780452728,0.0411989688873291,0.00039289891719818115,0.020385650917887688,0.05166883394122124,0.0,0.0,0.0,0.0,
1,1,0,OUT,0.4,GL_ORIG64,0.04146873950958252,0.04109363257884979,0.00037510693073272705,0.016484208405017853,0.02322405017912388,0.15442903339862823,0.04299043118953705,0.019026638939976692,0.659177303314209,
1,1,0,OUT,0.4,GL_RAND64,0.04124915599822998,0.04088456928730011,0.0003645867109298706,0.032554470002651215,0.045008283108472824,1.3220609426498413,0.057766709476709366,0.035109784454107285,1.5718944072723389,43.0
1,1,0,OUT,0.6,OP,0.04159186780452728,0.04121720790863037,0.0003746598958969116,0.030128460377454758,0.05745769292116165,0.0,0.0,0.0,0.0,
1,1,0,OUT,0.6,GL_ORIG64,0.04146873950958252,0.041134923696517944,0.0003338158130645752,0.02536274679005146,0.034355565905570984,0.15176038444042206,0.0413968488574028,0.019352883100509644,0.6438562870025635,
1,1,0,OUT,0.6,GL_RAND64,0.04124915599822998,0.04091089963912964,0.0003382563591003418,0.04024059325456619,0.05261143296957016,1.3195651769638062,0.057643890380859375,0.03647883981466293,1.5721386671066284,43.0
1,1,0,OUT,0.8,OP,0.04159186780452728,0.04155494272708893,3.692507743835449e-05,0.03523129224777222,0.05838393792510033,0.0,0.0,0.0,0.0,
1,1,0,OUT,0.8,GL_ORIG64,0.04146873950958252,0.04150910675525665,-4.03672456741333e-05,0.028497694060206413,0.036086760461330414,0.1467917561531067,0.04163501411676407,0.022176705300807953,0.6141743659973145,
1,1,0,OUT,0.8,GL_RAND64,0.04124915599822998,0.04128684103488922,-3.768503665924072e-05,0.04207073152065277,0.05291063338518143,1.3164726495742798,0.05791640654206276,0.037590403109788895,1.5727332830429077,43.0
1,1,0,IN,0.1,OP,0.04159186780452728,0.04789954423904419,0.006307676434516907,0.1533285230398178,0.2190689742565155,0.0,0.0,0.0,0.0,
1,1,0,IN,0.1,GL_ORIG64,0.04146873950958252,0.04790538549423218,0.006436645984649658,0.11090044677257538,0.08968005329370499,0.48665285110473633,0.19767063856124878,0.08807245641946793,0.6233950853347778,
1,1,0,IN,0.1,GL_RAND64,0.04124915599822998,0.047904714941978455,0.006655558943748474,0.1118108332157135,0.09491004049777985,1.4098365306854248,0.20457208156585693,0.08931001275777817,1.5722956657409668,43.0
1,1,0,IN,0.2,OP,0.04159186780452728,0.04805338382720947,0.00646151602268219,0.14995430409908295,0.2246609777212143,0.0,0.0,0.0,0.0,
1,1,0,IN,0.2,GL_ORIG64,0.04146873950958252,0.04806353151798248,0.006594792008399963,0.10743245482444763,0.08042138069868088,0.5082404613494873,0.2103596329689026,0.09092572331428528,0.6379262208938599,
1,1,0,IN,0.2,GL_RAND64,0.04124915599822998,0.04806335270404816,0.006814196705818176,0.10718028992414474,0.08358993381261826,1.4153813123703003,0.2184615433216095,0.09316537529230118,1.5722951889038086,43.0
1,1,0,IN,0.4,OP,0.04159186780452728,0.0482601672410965,0.006668299436569214,0.1434718668460846,0.22016416490077972,0.0,0.0,0.0,0.0,
1,1,0,IN,0.4,GL_ORIG64,0.04146873950958252,0.048268869519233704,0.006800130009651184,0.10204792767763138,0.0741240531206131,0.5126577019691467,0.20785628259181976,0.08907036483287811,0.6580843925476074,
1,1,0,IN,0.4,GL_RAND64,0.04124915599822998,0.04826727509498596,0.0070181190967559814,0.10185366123914719,0.07735346257686615,1.4225274324417114,0.21585823595523834,0.09111473709344864,1.5733559131622314,43.0
1,1,0,IN,0.6,OP,0.04159186780452728,0.048578694462776184,0.006986826658248901,0.21253818273544312,0.23579852283000946,0.0,0.0,0.0,0.0,
1,1,0,IN,0.6,GL_ORIG64,0.04146873950958252,0.04858464002609253,0.00711590051651001,0.15968745946884155,0.09910768270492554,0.5301293730735779,0.211530402302742,0.1328984647989273,0.6478226184844971,
1,1,0,IN,0.6,GL_RAND64,0.04124915599822998,0.04858347773551941,0.007334321737289429,0.16386619210243225,0.10508672893047333,1.4016903638839722,0.21802760660648346,0.13266858458518982,1.5730094909667969,43.0
1,1,0,IN,0.8,OP,0.04159186780452728,0.04848305881023407,0.006891191005706787,0.15655159950256348,0.2030934989452362,0.0,0.0,0.0,0.0,
1,1,0,IN,0.8,GL_ORIG64,0.04146873950958252,0.04845930635929108,0.006990566849708557,0.12597551941871643,0.09088476747274399,0.4433210492134094,0.1762925684452057,0.08259732276201248,0.617560625076294,
1,1,0,IN,0.8,GL_RAND64,0.04124915599822998,0.04845781624317169,0.007208660244941711,0.12848643958568573,0.09756738692522049,1.4303241968154907,0.1830231249332428,0.08284685760736465,1.5729224681854248,43.0
2,0,0,OUT,0.1,OP,0.009883612394332886,0.009649187326431274,0.00023442506790161133,0.44823136925697327,0.26877647638320923,0.0,0.0,0.0,0.0,
2,0,0,OUT,0.1,GL_ORIG64,0.004028677940368652,0.00392565131187439,0.0001030266284942627,0.5049459338188171,0.08306559175252914,0.5801198482513428,0.25705426931381226,0.10174914449453354,0.661712646484375,
2,0,0,OUT,0.1,GL_RAND64,0.0038462430238723755,0.0037276744842529297,0.0001185685396194458,0.5055071115493774,0.08287455886602402,1.4652622938156128,0.26662254333496094,0.10347398370504379,1.5686548948287964,44.0
2,0,0,OUT,0.2,OP,0.009883612394332886,0.009481266140937805,0.00040234625339508057,0.44827669858932495,0.2687811255455017,0.0,0.0,0.0,0.0,
2,0,0,OUT,0.2,GL_ORIG64,0.004028677940368652,0.00375308096408844,0.0002755969762802124,0.5050022006034851,0.08305999636650085,0.5801228880882263,0.2570624053478241,0.10174990445375443,0.6710696220397949,
2,0,0,OUT,0.2,GL_RAND64,0.0038462430238723755,0.0035593509674072266,0.0002868920564651489,0.5055636763572693,0.08286835998296738,1.4652740955352783,0.2666306793689728,0.10347414761781693,1.568712592124939,44.0
2,0,0,OUT,0.4,OP,0.009883612394332886,0.009114086627960205,0.0007695257663726807,0.4714345932006836,0.2665477693080902,0.0,0.0,0.0,0.0,
2,0,0,OUT,0.4,GL_ORIG64,0.004028677940368652,0.003585129976272583,0.00044354796409606934,0.5250774025917053,0.08371034264564514,0.5752999782562256,0.25354474782943726,0.10081298649311066,0.7025189399719238,
2,0,0,OUT,0.4,GL_RAND64,0.0038462430238723755,0.003461480140686035,0.00038476288318634033,0.5250512361526489,0.08299745619297028,1.4711933135986328,0.2637616693973541,0.10206848382949829,1.5692073106765747,44.0
2,0,0,OUT,0.6,OP,0.009883612394332886,0.00876908004283905,0.0011145323514938354,0.4721216857433319,0.26655954122543335,0.0,0.0,0.0,0.0,
2,0,0,OUT,0.6,GL_ORIG64,0.004028677940368652,0.003319099545478821,0.0007095783948898315,0.5259190201759338,0.08369723707437515,0.5752568244934082,0.2535669505596161,0.10076199471950531,0.7041849493980408,
2,0,0,OUT,0.6,GL_RAND64,0.0038462430238723755,0.0031977444887161255,0.00064849853515625,0.5258915424346924,0.08298463374376297,1.4712198972702026,0.2637854516506195,0.102010577917099,1.5697486400604248,44.0
2,0,0,OUT,0.8,OP,0.009883612394332886,0.009367763996124268,0.0005158483982086182,0.4790167510509491,0.2665828466415405,0.0,0.0,0.0,0.0,
2,0,0,OUT,0.8,GL_ORIG64,0.004028677940368652,0.004208669066429138,-0.00017999112606048584,0.533170759677887,0.08379717171192169,0.5752193331718445,0.25353777408599854,0.10096635669469833,0.6768255829811096,
2,0,0,OUT,0.8,GL_RAND64,0.0038462430238723755,0.004094451665878296,-0.0002482086420059204,0.5331236124038696,0.08307439088821411,1.471272587776184,0.26377713680267334,0.10222852230072021,1.570385217666626,44.0
2,0,0,IN,0.1,OP,0.009883612394332886,0.048470571637153625,0.03858695924282074,0.49681323766708374,0.33039700984954834,0.0,0.0,0.0,0.0,
2,0,0,IN,0.1,GL_ORIG64,0.004028677940368652,0.048429325222969055,0.0444006472826004,0.43128111958503723,0.10494498163461685,0.7513782382011414,0.32012009620666504,0.30324679613113403,0.6398656368255615,
2,0,0,IN,0.1,GL_RAND64,0.0038462430238723755,0.04841996729373932,0.04457372426986694,0.4236546754837036,0.09933914244174957,1.4854694604873657,0.33759501576423645,0.31148746609687805,1.5681514739990234,44.0
2,0,0,IN,0.2,OP,0.009883612394332886,0.04870180785655975,0.03881819546222687,0.47671177983283997,0.30752426385879517,0.0,0.0,0.0,0.0,
2,0,0,IN,0.2,GL_ORIG64,0.004028677940368652,0.04865624010562897,0.044627562165260315,0.41427329182624817,0.09246635437011719,0.702596127986908,0.29696139693260193,0.2901242673397064,0.6481879949569702,
2,0,0,IN,0.2,GL_RAND64,0.0038462430238723755,0.04864443838596344,0.044798195362091064,0.4068619906902313,0.08807834982872009,1.4715261459350586,0.313383013010025,0.29799559712409973,1.5689504146575928,44.0
2,0,0,IN,0.4,OP,0.009883612394332886,0.04812987148761749,0.03824625909328461,1.0769704580307007,0.4367385804653168,0.0,0.0,0.0,0.0,
2,0,0,IN,0.4,GL_ORIG64,0.004028677940368652,0.047742992639541626,0.043714314699172974,1.1180717945098877,0.09325072169303894,0.8590624332427979,0.5017522573471069,0.1599242389202118,0.678122341632843,
2,0,0,IN,0.4,GL_RAND64,0.0038462430238723755,0.047723427414894104,0.04387718439102173,1.1222494840621948,0.10380382835865021,1.3201286792755127,0.5029544830322266,0.1618260145187378,1.5709881782531738,44.0
2,0,0,IN,0.6,OP,0.009883612394332886,0.04829767346382141,0.038414061069488525,1.0024040937423706,0.4323634207248688,0.0,0.0,0.0,0.0,
2,0,0,IN,0.6,GL_ORIG64,0.004028677940368652,0.04781670868396759,0.04378803074359894,1.0420881509780884,0.09128262847661972,0.8493106961250305,0.4947811961174011,0.15262331068515778,0.6761773824691772,
2,0,0,IN,0.6,GL_RAND64,0.0038462430238723755,0.047771796584129333,0.04392555356025696,1.0466185808181763,0.10241395235061646,1.3219739198684692,0.49634701013565063,0.15762053430080414,1.5699656009674072,44.0
2,0,0,IN,0.8,OP,0.009883612394332886,0.04806327819824219,0.0381796658039093,0.7620483636856079,0.4206540882587433,0.0,0.0,0.0,0.0,
2,0,0,IN,0.8,GL_ORIG64,0.004028677940368652,0.04710903763771057,0.04308035969734192,0.7961180806159973,0.08962036669254303,0.8257619738578796,0.4748498797416687,0.14326775074005127,0.6495724320411682,
2,0,0,IN,0.8,GL_RAND64,0.0038462430238723755,0.04706476628780365,0.043218523263931274,0.7996386289596558,0.10004674643278122,1.3369203805923462,0.4765247702598572,0.14698854088783264,1.5677130222320557,44.0
3,1,0,OUT,0.1,OP,0.04623115062713623,0.045808255672454834,0.0004228949546813965,0.03991435840725899,0.12926936149597168,0.0,0.0,0.0,0.0,
3,1,0,OUT,0.1,GL_ORIG64,0.045929327607154846,0.045553043484687805,0.000376284122467041,0.02835291065275669,0.049976106733083725,0.3262898325920105,0.11442700773477554,0.033509641885757446,0.5774685144424438,
3,1,0,OUT,0.1,GL_RAND64,0.045714035630226135,0.045381590723991394,0.0003324449062347412,0.06049119681119919,0.07364465296268463,1.38462495803833,0.13338522613048553,0.06442055851221085,1.5708454847335815,45.0
3,1,0,OUT,0.2,OP,0.04623115062713623,0.045602768659591675,0.0006283819675445557,0.04638705030083656,0.1359912008047104,0.0,0.0,0.0,0.0,
3,1,0,OUT,0.2,GL_ORIG64,0.045929327607154846,0.04537500441074371,0.0005543231964111328,0.031714484095573425,0.05717271938920021,0.3312976658344269,0.117453433573246,0.03647845238447189,0.5978765487670898,
3,1,0,OUT,0.2,GL_RAND64,0.045714035630226135,0.04523053765296936,0.0004834979772567749,0.061377812176942825,0.07770330458879471,1.3894859552383423,0.1361212134361267,0.06589794158935547,1.5710560083389282,45.0
3,1,0,OUT,0.4,OP,0.04623115062713623,0.04542936384677887,0.0008017867803573608,0.046085309237241745,0.12953871488571167,0.0,0.0,0.0,0.0,
3,1,0,OUT,0.4,GL_ORIG64,0.045929327607154846,0.045228347182273865,0.0007009804248809814,0.0316794291138649,0.05805028975009918,0.31536415219306946,0.10910341888666153,0.03607616573572159,0.6236134767532349,
3,1,0,OUT,0.4,GL_RAND64,0.045714035630226135,0.04508398473262787,0.0006300508975982666,0.06142596900463104,0.07937853038311005,1.387282371520996,0.1293400526046753,0.06573333591222763,1.5709831714630127,45.0
3,1,0,OUT,0.6,OP,0.04623115062713623,0.045380935072898865,0.0008502155542373657,0.0638255700469017,0.13416720926761627,0.0,0.0,0.0,0.0,
3,1,0,OUT,0.6,GL_ORIG64,0.045929327607154846,0.04522259533405304,0.0007067322731018066,0.038426827639341354,0.06689579784870148,0.3125198483467102,0.1068195030093193,0.046466756612062454,0.6241140365600586,
3,1,0,OUT,0.6,GL_RAND64,0.045714035630226135,0.045087844133377075,0.0006261914968490601,0.06540970504283905,0.08739875257015228,1.387809157371521,0.12702681124210358,0.07160993665456772,1.5730409622192383,45.0
3,1,0,OUT,0.8,OP,0.04623115062713623,0.045394524931907654,0.0008366256952285767,0.0689312219619751,0.12591946125030518,0.0,0.0,0.0,0.0,
3,1,0,OUT,0.8,GL_ORIG64,0.045929327607154846,0.045262351632118225,0.0006669759750366211,0.04550987854599953,0.06993453204631805,0.294308602809906,0.09264485538005829,0.04711470380425453,0.5812194347381592,
3,1,0,OUT,0.8,GL_RAND64,0.045714035630226135,0.045127153396606445,0.0005868822336196899,0.07094376534223557,0.09147432446479797,1.3899439573287964,0.11654319614171982,0.07310884445905685,1.570584774017334,45.0
3,1,0,IN,0.1,OP,0.04623115062713623,0.04829506576061249,0.0020639151334762573,0.1076243594288826,0.17082400619983673,0.0,0.0,0.0,0.0,
3,1,0,IN,0.1,GL_ORIG64,0.045929327607154846,0.04826720058917999,0.0023378729820251465,0.060435712337493896,0.07884404063224792,0.43308383226394653,0.14187009632587433,0.08009497821331024,0.5818846225738525,
3,1,0,IN,0.1,GL_RAND64,0.045714035630226135,0.048224493861198425,0.00251045823097229,0.08110613375902176,0.0920196920633316,1.4123849868774414,0.15427634119987488,0.09395580738782883,1.5716770887374878,45.0
3,1,0,IN,0.2,OP,0.04623115062713623,0.04867011308670044,0.002438962459564209,0.10346069186925888,0.16446547210216522,0.0,0.0,0.0,0.0,
3,1,0,IN,0.2,GL_ORIG64,0.045929327607154846,0.048622116446495056,0.00269278883934021,0.05887855589389801,0.0736423060297966,0.4173320233821869,0.137233704328537,0.07641113549470901,0.6022874116897583,
3,1,0,IN,0.2,GL_RAND64,0.045714035630226135,0.04857221245765686,0.002858176827430725,0.0824674665927887,0.08795908838510513,1.385983943939209,0.15267260372638702,0.09600652009248734,1.5721594095230103,45.0
3,1,0,IN,0.4,OP,0.04623115062713623,0.048868000507354736,0.002636849880218506,0.10295628756284714,0.17385618388652802,0.0,0.0,0.0,0.0,
3,1,0,IN,0.4,GL_ORIG64,0.045929327607154846,0.048788681626319885,0.002859354019165039,0.058415237814188004,0.06735232472419739,0.44238489866256714,0.15371473133563995,0.07683540880680084,0.6252754330635071,
3,1,0,IN,0.4,GL_RAND64,0.045714035630226135,0.04873842000961304,0.003024384379386902,0.08157791942358017,0.08026927709579468,1.3932989835739136,0.1668604463338852,0.09590290486812592,1.5706582069396973,45.0
3,1,0,IN,0.6,OP,0.04623115062713623,0.0490969717502594,0.002865821123123169,0.14681461453437805,0.19106514751911163,0.0,0.0,0.0,0.0,
3,1,0,IN,0.6,GL_ORIG64,0.045929327607154846,0.04895035922527313,0.003021031618118286,0.08645430207252502,0.0742228701710701,0.47452425956726074,0.1693977266550064,0.10931149125099182,0.6236962676048279,
3,1,0,IN,0.6,GL_RAND64,0.045714035630226135,0.04889513552188873,0.0031810998916625977,0.10195159167051315,0.08444011211395264,1.407204031944275,0.18043279647827148,0.12014544010162354,1.569880485534668,45.0
3,1,0,IN,0.8,OP,0.04623115062713623,0.04910255968570709,0.002871409058570862,0.1283450722694397,0.19140395522117615,0.0,0.0,0.0,0.0,
3,1,0,IN,0.8,GL_ORIG64,0.045929327607154846,0.04892739653587341,0.002998068928718567,0.07776284217834473,0.06781867891550064,0.4672704339027405,0.17431366443634033,0.09411687403917313,0.5799562931060791,
3,1,0,IN,0.8,GL_RAND64,0.045714035630226135,0.0488719642162323,0.0031579285860061646,0.0900387093424797,0.07726635783910751,1.3984936475753784,0.18410152196884155,0.10317123681306839,1.5710359811782837,45.0
4,1,0,OUT,0.1,OP,0.04746986925601959,0.047226786613464355,0.00024308264255523682,0.04066520556807518,0.11724282801151276,0.0,0.0,0.0,0.0,
4,1,0,OUT,0.1,GL_ORIG64,0.04739585518836975,0.047204017639160156,0.00019183754920959473,0.03226028010249138,0.030650544911623,0.23884662985801697,0.11085155606269836,0.03746837005019188,0.6189395189285278,
4,1,0,OUT,0.1,GL_RAND64,0.04739658534526825,0.04720526933670044,0.00019131600856781006,0.03471463546156883,0.05877203494310379,1.3137001991271973,0.12511003017425537,0.04040027782320976,1.567477822303772,46.0
4,1,0,OUT,0.2,OP,0.04746986925601959,0.047196611762046814,0.0002732574939727783,0.04065936803817749,0.11665219813585281,0.0,0.0,0.0,0.0,
4,1,0,OUT,0.2,GL_ORIG64,0.04739585518836975,0.04717463254928589,0.0002212226390838623,0.03226275369524956,0.030955983325839043,0.23488740622997284,0.11015589535236359,0.037457969039678574,0.6406466960906982,
4,1,0,OUT,0.2,GL_RAND64,0.04739658534526825,0.04717637598514557,0.00022020936012268066,0.034716203808784485,0.05902563035488129,1.3125298023223877,0.1245013177394867,0.04039063677191734,1.568377137184143,46.0
4,1,0,OUT,0.4,OP,0.04746986925601959,0.047205254435539246,0.0002646148204803467,0.04476620629429817,0.12001501023769379,0.0,0.0,0.0,0.0,
4,1,0,OUT,0.4,GL_ORIG64,0.04739585518836975,0.04718942940235138,0.00020642578601837158,0.03480737283825874,0.035373806953430176,0.2370947003364563,0.1121344193816185,0.03911629691720009,0.6738542318344116,
4,1,0,OUT,0.4,GL_RAND64,0.04739658534526825,0.04718954861164093,0.00020703673362731934,0.0362791009247303,0.060341592878103256,1.3084516525268555,0.1254807561635971,0.04119674861431122,1.568688988685608,46.0
4,1,0,OUT,0.6,OP,0.04746986925601959,0.047187671065330505,0.0002821981906890869,0.044754624366760254,0.11890379339456558,0.0,0.0,0.0,0.0,
4,1,0,OUT,0.6,GL_ORIG64,0.04739585518836975,0.0471724271774292,0.00022342801094055176,0.03479393944144249,0.03521165996789932,0.23359797894954681,0.1110464334487915,0.039109040051698685,0.6607059836387634,
4,1,0,OUT,0.6,GL_RAND64,0.04739658534526825,0.0471731573343277,0.00022342801094055176,0.036261677742004395,0.060451921075582504,1.3070404529571533,0.1244729682803154,0.04118948057293892,1.5691951513290405,46.0
4,1,0,OUT,0.8,OP,0.04746986925601959,0.0471724271774292,0.00029744207859039307,0.04388464242219925,0.11521761864423752,0.0,0.0,0.0,0.0,
4,1,0,OUT,0.8,GL_ORIG64,0.04739585518836975,0.04715508222579956,0.00024077296257019043,0.034087397158145905,0.029887555167078972,0.2299768030643463,0.10891879349946976,0.03865812346339226,0.6271318197250366,
4,1,0,OUT,0.8,GL_RAND64,0.04739658534526825,0.047155916690826416,0.0002406686544418335,0.035414692014455795,0.0570397824048996,1.308348298072815,0.12293190509080887,0.040789391845464706,1.5677660703659058,46.0
4,1,0,IN,0.1,OP,0.04746986925601959,0.047791048884391785,0.0003211796283721924,0.11214803159236908,0.2193370759487152,0.0,0.0,0.0,0.0,
4,1,0,IN,0.1,GL_ORIG64,0.04739585518836975,0.04775245487689972,0.00035659968852996826,0.09097462892532349,0.07445014268159866,0.54039466381073,0.2043902426958084,0.0894642099738121,0.6222695708274841,
4,1,0,IN,0.1,GL_RAND64,0.04739658534526825,0.04775094985961914,0.0003543645143508911,0.08961280435323715,0.06856933236122131,1.4463447332382202,0.2178981602191925,0.09280012547969818,1.5668666362762451,46.0
4,1,0,IN,0.2,OP,0.04746986925601959,0.04782477021217346,0.00035490095615386963,0.11211647838354111,0.21888969838619232,0.0,0.0,0.0,0.0,
4,1,0,IN,0.2,GL_ORIG64,0.04739585518836975,0.04778589308261871,0.0003900378942489624,0.0909375473856926,0.07484263926744461,0.5394958257675171,0.20362605154514313,0.08944834768772125,0.6470227837562561,
4,1,0,IN,0.2,GL_RAND64,0.04739658534526825,0.04778403043746948,0.0003874450922012329,0.08957866579294205,0.0695018395781517,1.4455504417419434,0.21708311140537262,0.09278437495231628,1.566070556640625,46.0
4,1,0,IN,0.4,OP,0.04746986925601959,0.047861725091934204,0.0003918558359146118,0.11304271966218948,0.21401847898960114,0.0,0.0,0.0,0.0,
4,1,0,IN,0.4,GL_ORIG64,0.04739585518836975,0.04782673716545105,0.00043088197708129883,0.08978903293609619,0.07466679811477661,0.5164228677749634,0.19804640114307404,0.08931150287389755,0.6830137968063354,
4,1,0,IN,0.4,GL_RAND64,0.04739658534526825,0.04782535135746002,0.00042876601219177246,0.08853238821029663,0.07072033733129501,1.425434947013855,0.21123464405536652,0.09268946945667267,1.5681259632110596,46.0
4,1,0,IN,0.6,OP,0.04746986925601959,0.04787774384021759,0.00040787458419799805,0.11301228404045105,0.21356430649757385,0.0,0.0,0.0,0.0,
4,1,0,IN,0.6,GL_ORIG64,0.04739585518836975,0.047841981053352356,0.000446125864982605,0.08975633233785629,0.07463216036558151,0.5162073969841003,0.19749385118484497,0.0892980620265007,0.6690317988395691,
4,1,0,IN,0.6,GL_RAND64,0.04739658534526825,0.04784034192562103,0.0004437565803527832,0.08849745243787766,0.07070290297269821,1.4254820346832275,0.21059925854206085,0.09267347306013107,1.5679781436920166,46.0
4,1,0,IN,0.8,OP,0.04746986925601959,0.047879040241241455,0.0004091709852218628,0.11122328788042068,0.2096554934978485,0.0,0.0,0.0,0.0,
4,1,0,IN,0.8,GL_ORIG64,0.04739585518836975,0.047841861844062805,0.0004460066556930542,0.08884873986244202,0.07139736413955688,0.5044203400611877,0.19463218748569489,0.08821888267993927,0.6304080486297607,
4,1,0,IN,0.8,GL_RAND64,0.04739658534526825,0.04783998429775238,0.00044339895248413086,0.08770614117383957,0.0687355101108551,1.4133328199386597,0.20741654932498932,0.09147867560386658,1.5683650970458984,46.0
5,1,0,OUT,0.1,OP,-0.08302612602710724,-0.08289451152086258,-0.00013161450624465942,0.026397736743092537,0.07089464366436005,0.0,0.0,0.0,0.0,
5,1,0,OUT,0.1,GL_ORIG64,-0.08506979048252106,-0.0848882719874382,-0.00018151849508285522,0.019127747043967247,0.02438366785645485,0.2207183837890625,0.06283894181251526,0.028514977544546127,0.5950557589530945,
5,1,0,OUT,0.1,GL_RAND64,-0.08667321503162384,-0.08648567646741867,-0.00018753856420516968,0.04568258672952652,0.06314530223608017,1.4495187997817993,0.0881996899843216,0.05139199271798134,1.5696676969528198,47.0
5,1,0,OUT,0.2,OP,-0.08302612602710724,-0.08246748149394989,-0.0005586445331573486,0.027601035311818123,0.0706978440284729,0.0,0.0,0.0,0.0,
5,1,0,OUT,0.2,GL_ORIG64,-0.08506979048252106,-0.08432327210903168,-0.0007465183734893799,0.02059490792453289,0.024522138759493828,0.2201494574546814,0.062547966837883,0.028459370136260986,0.6090633869171143,
5,1,0,OUT,0.2,GL_RAND64,-0.08667321503162384,-0.08590957522392273,-0.0007636398077011108,0.046366963535547256,0.0632249191403389,1.4495614767074585,0.08800877630710602,0.05140628665685654,1.5708845853805542,47.0
5,1,0,OUT,0.4,OP,-0.08302612602710724,-0.08312512934207916,9.900331497192383e-05,0.02750665694475174,0.07045510411262512,0.0,0.0,0.0,0.0,
5,1,0,OUT,0.4,GL_ORIG64,-0.08506979048252106,-0.08485658466815948,-0.00021320581436157227,0.020403491333127022,0.024520523846149445,0.21968869864940643,0.06227633357048035,0.028371434658765793,0.6385490298271179,
5,1,0,OUT,0.4,GL_RAND64,-0.08667321503162384,-0.08644524216651917,-0.0002279728651046753,0.04630088806152344,0.06325279921293259,1.4495974779129028,0.08781835436820984,0.051371876150369644,1.5705900192260742,47.0
5,1,0,OUT,0.6,OP,-0.08302612602710724,-0.08297353982925415,-5.258619785308838e-05,0.02854662574827671,0.07046737521886826,0.0,0.0,0.0,0.0,
5,1,0,OUT,0.6,GL_ORIG64,-0.08506979048252106,-0.08454208076000214,-0.0005277097225189209,0.02089431695640087,0.025005457922816277,0.21895210444927216,0.062009114772081375,0.02844594419002533,0.6405385732650757,
5,1,0,OUT,0.6,GL_RAND64,-0.08667321503162384,-0.08609108626842499,-0.0005821287631988525,0.04653540626168251,0.06347838044166565,1.4498430490493774,0.08762414753437042,0.05133518576622009,1.5704270601272583,47.0
5,1,0,OUT,0.8,OP,-0.08302612602710724,-0.07242920249700546,-0.010596923530101776,0.0633070319890976,0.0794551745057106,0.0,0.0,0.0,0.0,
5,1,0,OUT,0.8,GL_ORIG64,-0.08506979048252106,-0.07353411614894867,-0.011535674333572388,0.0557563416659832,0.037861499935388565,0.22880105674266815,0.0635894238948822,0.03487434238195419,0.6001966595649719,
5,1,0,OUT,0.8,GL_RAND64,-0.08667321503162384,-0.07491758465766907,-0.011755630373954773,0.06880999356508255,0.06990992277860641,1.4487183094024658,0.08870026469230652,0.055633220821619034,1.5700777769088745,47.0
5,1,0,IN,0.1,OP,-0.08302612602710724,0.04833535850048065,0.1313614845275879,0.22093923389911652,0.21062321960926056,0.0,0.0,0.0,0.0,
5,1,0,IN,0.1,GL_ORIG64,-0.08506979048252106,0.047918930649757385,0.13298872113227844,0.19706551730632782,0.08172700554132462,0.5181807279586792,0.18965640664100647,0.11739739030599594,0.6031896471977234,
5,1,0,IN,0.1,GL_RAND64,-0.08667321503162384,0.04789884388446808,0.13457205891609192,0.19699300825595856,0.08069683611392975,1.4527119398117065,0.19936959445476532,0.12152332812547684,1.5694705247879028,47.0
5,1,0,IN,0.2,OP,-0.08302612602710724,0.04872843623161316,0.1317545622587204,0.16722871363162994,0.2130603939294815,0.0,0.0,0.0,0.0,
5,1,0,IN,0.2,GL_ORIG64,-0.08506979048252106,0.04825697839260101,0.13332676887512207,0.12462837994098663,0.07146383076906204,0.5279159545898438,0.1976788341999054,0.11421478539705276,0.618126630783081,
5,1,0,IN,0.2,GL_RAND64,-0.08667321503162384,0.04824872314929962,0.13492193818092346,0.12276902049779892,0.07152330130338669,1.4340465068817139,0.20570595562458038,0.11777998507022858,1.568290114402771,47.0
5,1,0,IN,0.4,OP,-0.08302612602710724,0.04964949190616608,0.13267561793327332,0.15833540260791779,0.21693971753120422,0.0,0.0,0.0,0.0,
5,1,0,IN,0.4,GL_ORIG64,-0.08506979048252106,0.04910033941268921,0.13417012989521027,0.119295135140419,0.06810926645994186,0.5363612771034241,0.20384177565574646,0.11356400698423386,0.6478689908981323,
5,1,0,IN,0.4,GL_RAND64,-0.08667321503162384,0.04909123480319977,0.1357644498348236,0.11742149293422699,0.06772493571043015,1.4325964450836182,0.21183936297893524,0.11656162142753601,1.56907320022583,47.0
5,1,0,IN,0.6,OP,-0.08302612602710724,0.050148919224739075,0.1331750452518463,0.1928596943616867,0.22895601391792297,0.0,0.0,0.0,0.0,
5,1,0,IN,0.6,GL_ORIG64,-0.08506979048252106,0.04949866235256195,0.134568452835083,0.13800755143165588,0.08234164863824844,0.5719578266143799,0.2102581113576889,0.13748538494110107,0.6513646841049194,
5,1,0,IN,0.6,GL_RAND64,-0.08667321503162384,0.0494886189699173,0.13616183400154114,0.1352931708097458,0.07951224595308304,1.4371650218963623,0.2182595133781433,0.14103664457798004,1.5698617696762085,47.0
5,1,0,IN,0.8,OP,-0.08302612602710724,0.04378257691860199,0.12680870294570923,0.3120868504047394,0.27521514892578125,0.0,0.0,0.0,0.0,
5,1,0,IN,0.8,GL_ORIG64,-0.08506979048252106,0.041926249861717224,0.12699604034423828,0.2627635896205902,0.14814111590385437,0.6145368218421936,0.21793167293071747,0.14804095029830933,0.607672929763794,
5,1,0,IN,0.8,GL_RAND64,-0.08667321503162384,0.04181094467639923,0.12848415970802307,0.2649117410182953,0.15072983503341675,1.5057294368743896,0.22582851350307465,0.15080876648426056,1.5702790021896362,47.0
6,1,1,OUT,0.1,OP,0.09834609925746918,0.026117943227291107,0.07222815603017807,0.11597573757171631,0.17304727435112,0.0,0.0,0.0,0.0,
6,1,1,OUT,0.1,GL_ORIG64,0.1108037531375885,0.03999144583940506,0.07081230729818344,0.10084033012390137,0.055052272975444794,0.44047439098358154,0.1591627597808838,0.07689910382032394,0.6423852443695068,
6,1,1,OUT,0.1,GL_RAND64,0.11389058828353882,0.040998607873916626,0.07289198040962219,0.1040245071053505,0.06557203829288483,1.4308456182479858,0.17049363255500793,0.08119750022888184,1.57054603099823,48.0
6,1,1,OUT,0.2,OP,0.09834609925746918,-0.0406302809715271,0.13897638022899628,0.15287740528583527,0.21014197170734406,0.0,0.0,0.0,0.0,
6,1,1,OUT,0.2,GL_ORIG64,0.1108037531375885,-0.027707882225513458,0.13851163536310196,0.1352536380290985,0.06117189675569534,0.514051616191864,0.19754566252231598,0.09058738499879837,0.6520135998725891,
6,1,1,OUT,0.2,GL_RAND64,0.11389058828353882,-0.027360737323760986,0.1412513256072998,0.13648958504199982,0.06906011700630188,1.4108905792236328,0.20581626892089844,0.09368862211704254,1.5713601112365723,48.0
6,1,1,OUT,0.4,OP,0.09834609925746918,-0.1510879099369049,0.24943400919437408,0.19968943297863007,0.2383493185043335,0.0,0.0,0.0,0.0,
6,1,1,OUT,0.4,GL_ORIG64,0.1108037531375885,-0.14339661598205566,0.25420036911964417,0.19575165212154388,0.04555073007941246,0.5556444525718689,0.23949721455574036,0.08821602165699005,0.6465916037559509,
6,1,1,OUT,0.4,GL_RAND64,0.11389058828353882,-0.14336389303207397,0.2572544813156128,0.19542346894741058,0.04607407748699188,1.431236982345581,0.24567267298698425,0.08995930850505829,1.5739707946777344,48.0
6,1,1,OUT,0.6,OP,0.09834609925746918,-0.19662286341190338,0.29496896266937256,0.2305365800857544,0.25991687178611755,0.0,0.0,0.0,0.0,
6,1,1,OUT,0.6,GL_ORIG64,0.1108037531375885,-0.19212445616722107,0.30292820930480957,0.248598113656044,0.036461591720581055,0.5781487822532654,0.2692575752735138,0.09293866902589798,0.6520168781280518,
6,1,1,OUT,0.6,GL_RAND64,0.11389058828353882,-0.19212086498737335,0.30601145327091217,0.24869661033153534,0.037761788815259933,1.4338136911392212,0.27356040477752686,0.09355653077363968,1.5726995468139648,48.0
6,1,1,OUT,0.8,OP,0.09834609925746918,-0.21422992646694183,0.312576025724411,0.15655776858329773,0.23387901484966278,0.0,0.0,0.0,0.0,
6,1,1,OUT,0.8,GL_ORIG64,0.1108037531375885,-0.21201899647712708,0.3228227496147156,0.15330879390239716,0.035414502024650574,0.5526319742202759,0.23808665573596954,0.09407074004411697,0.6243507266044617,
6,1,1,OUT,0.8,GL_RAND64,0.11389058828353882,-0.21200884878635406,0.3258994370698929,0.1536359339952469,0.03741513565182686,1.4309521913528442,0.24359549582004547,0.09480805695056915,1.5716578960418701,48.0
6,1,1,IN,0.1,OP,0.09834609925746918,-0.1482689380645752,-0.24661503732204437,0.13056930899620056,0.11635401844978333,0.0,0.0,0.0,0.0,
6,1,1,IN,0.1,GL_ORIG64,0.1108037531375885,-0.14755794405937195,-0.25836169719696045,0.1227550208568573,0.07562612742185593,0.29226070642471313,0.07862311601638794,0.04819360002875328,0.6020335555076599,
6,1,1,IN,0.1,GL_RAND64,0.11389058828353882,-0.14515478909015656,-0.2590453773736954,0.1331837922334671,0.09564316272735596,1.4408156871795654,0.10566496104001999,0.0661395713686943,1.5727194547653198,48.0
6,1,1,IN,0.2,OP,0.09834609925746918,-0.08301014453172684,-0.18135624378919601,0.1095048263669014,0.11368261277675629,0.0,0.0,0.0,0.0,
6,1,1,IN,0.2,GL_ORIG64,0.1108037531375885,-0.08076866716146469,-0.1915724202990532,0.10101062804460526,0.06500711292028427,0.3053704798221588,0.08516576886177063,0.048975955694913864,0.6095976829528809,
6,1,1,IN,0.2,GL_RAND64,0.11389058828353882,-0.07774022221565247,-0.19163081049919128,0.11098714172840118,0.08431276679039001,1.44355046749115,0.1095530092716217,0.0638953298330307,1.5720293521881104,48.0
6,1,1,IN,0.4,OP,0.09834609925746918,0.02225591242313385,-0.07609018683433533,0.05962582305073738,0.10928366333246231,0.0,0.0,0.0,0.0,
6,1,1,IN,0.4,GL_ORIG64,0.1108037531375885,0.028533130884170532,-0.08227062225341797,0.05164133012294769,0.04278741776943207,0.32060736417770386,0.09523724019527435,0.04542185366153717,0.6225363612174988,
6,1,1,IN,0.4,GL_RAND64,0.11389058828353882,0.031581051647663116,-0.0823095366358757,0.06335624307394028,0.06546691060066223,1.4366627931594849,0.11651552468538284,0.059134576469659805,1.5704975128173828,48.0
6,1,1,IN,0.6,OP,0.09834609925746918,0.06744672358036041,-0.030899375677108765,0.044631652534008026,0.11300961673259735,0.0,0.0,0.0,0.0,
6,1,1,IN,0.6,GL_ORIG64,0.1108037531375885,0.07625050842761993,-0.03455324470996857,0.03484004735946655,0.04106634110212326,0.32906603813171387,0.10053011029958725,0.04486945644021034,0.6441020369529724,
6,1,1,IN,0.6,GL_RAND64,0.11389058828353882,0.07934306561946869,-0.03454752266407013,0.04912809282541275,0.06358199566602707,1.4360911846160889,0.12063170224428177,0.05786002054810524,1.569682002067566,48.0
6,1,1,IN,0.8,OP,0.09834609925746918,0.0869385153055191,-0.011407583951950073,0.06171227619051933,0.1206790953874588,0.0,0.0,0.0,0.0,
6,1,1,IN,0.8,GL_ORIG64,0.1108037531375885,0.09781880676746368,-0.012984946370124817,0.058971136808395386,0.04085709527134895,0.33848533034324646,0.10940824449062347,0.04695148393511772,0.639976441860199,
6,1,1,IN,0.8,GL_RAND64,0.11389058828353882,0.10091029107570648,-0.012980297207832336,0.06812943518161774,0.06291068345308304,1.4360365867614746,0.12789539992809296,0.05914837121963501,1.571028232574463,48.0
7,1,1,OUT,0.1,OP,0.2830277681350708,0.20568661391735077,0.07734115421772003,0.12169177085161209,0.1963174045085907,0.0,0.0,0.0,0.0,
7,1,1,OUT,0.1,GL_ORIG64,0.2992267608642578,0.2217782586812973,0.07744850218296051,0.10596013069152832,0.0655776709318161,0.4707023799419403,0.18284650146961212,0.06538466364145279,0.6240034699440002,
7,1,1,OUT,0.1,GL_RAND64,0.3019535541534424,0.22405670583248138,0.077896848320961,0.10834351181983948,0.07348194718360901,1.4400838613510132,0.19177386164665222,0.07135897129774094,1.5652549266815186,49.0
7,1,1,OUT,0.2,OP,0.2830277681350708,0.13097594678401947,0.15205182135105133,0.13540904223918915,0.20396149158477783,0.0,0.0,0.0,0.0,
7,1,1,OUT,0.2,GL_ORIG64,0.2992267608642578,0.14563988149166107,0.15358687937259674,0.1190914660692215,0.06807530671358109,0.479984849691391,0.19039472937583923,0.06918995082378387,0.6354773044586182,
7,1,1,OUT,0.2,GL_RAND64,0.3019535541534424,0.14753055572509766,0.15442299842834473,0.12120379507541656,0.07583221048116684,1.4450689554214478,0.1990809440612793,0.07526931911706924,1.5650972127914429,49.0
7,1,1,OUT,0.4,OP,0.2830277681350708,-0.007008366286754608,0.2900361344218254,0.11905194073915482,0.2317865937948227,0.0,0.0,0.0,0.0,
7,1,1,OUT,0.4,GL_ORIG64,0.2992267608642578,0.00499502569437027,0.29423173516988754,0.10527528822422028,0.05098621919751167,0.554127037525177,0.2301878035068512,0.06980308890342712,0.6248853206634521,
7,1,1,OUT,0.4,GL_RAND64,0.3019535541534424,0.005336448550224304,0.2966171056032181,0.10619677603244781,0.054548922926187515,1.4497528076171875,0.23609265685081482,0.07155711203813553,1.5660408735275269,49.0
7,1,1,OUT,0.6,OP,0.2830277681350708,-0.1027420163154602,0.385769784450531,0.1050150915980339,0.2321529984474182,0.0,0.0,0.0,0.0,
7,1,1,OUT,0.6,GL_ORIG64,0.2992267608642578,-0.09436938166618347,0.3935961425304413,0.09146524220705032,0.03460990637540817,0.5688319802284241,0.23558561503887177,0.06813260912895203,0.6324242353439331,
7,1,1,OUT,0.6,GL_RAND64,0.3019535541534424,-0.09433872997760773,0.3962922841310501,0.09163889288902283,0.03509930893778801,1.4436489343643188,0.24127650260925293,0.06857387721538544,1.565389633178711,49.0
7,1,1,OUT,0.8,OP,0.2830277681350708,-0.17376390099525452,0.4567916691303253,0.12440414726734161,0.2321430742740631,0.0,0.0,0.0,0.0,
7,1,1,OUT,0.8,GL_ORIG64,0.2992267608642578,-0.16951385140419006,0.4687406122684479,0.10876882076263428,0.03774280101060867,0.5647754669189453,0.23434223234653473,0.07498607784509659,0.6234362721443176,
7,1,1,OUT,0.8,GL_RAND64,0.3019535541534424,-0.16950953006744385,0.47146308422088623,0.10913051664829254,0.037643641233444214,1.4504170417785645,0.24009732902050018,0.07559239864349365,1.5657386779785156,49.0
7,1,1,IN,0.1,OP,0.2830277681350708,-0.14030788838863373,-0.42333565652370453,0.2243652641773224,0.21037355065345764,0.0,0.0,0.0,0.0,
7,1,1,IN,0.1,GL_ORIG64,0.2992267608642578,-0.137047678232193,-0.4362744390964508,0.19454577565193176,0.10394372791051865,0.5016589760780334,0.17029261589050293,0.09464496374130249,0.5936300754547119,
7,1,1,IN,0.1,GL_RAND64,0.3019535541534424,-0.13651427626609802,-0.4384678304195404,0.1981465369462967,0.11180389672517776,1.4468036890029907,0.1799842119216919,0.09825888276100159,1.565837025642395,49.0
7,1,1,IN,0.2,OP,0.2830277681350708,-0.06614887714385986,-0.34917664527893066,0.17373457551002502,0.18418920040130615,0.0,0.0,0.0,0.0,
7,1,1,IN,0.2,GL_ORIG64,0.2992267608642578,-0.06150447577238083,-0.36073123663663864,0.15012355148792267,0.07855241000652313,0.4672471582889557,0.1568184643983841,0.07789018750190735,0.6077513098716736,
7,1,1,IN,0.2,GL_RAND64,0.3019535541534424,-0.060610562562942505,-0.3625641167163849,0.15319636464118958,0.08836400508880615,1.431294322013855,0.1676243394613266,0.08237261325120926,1.565590739250183,49.0
7,1,1,IN,0.4,OP,0.2830277681350708,0.0655268132686615,-0.2175009548664093,0.08072742074728012,0.13325805962085724,0.0,0.0,0.0,0.0,
7,1,1,IN,0.4,GL_ORIG64,0.2992267608642578,0.07140575349330902,-0.2278210073709488,0.06692769378423691,0.047074101865291595,0.36249515414237976,0.11978476494550705,0.050437696278095245,0.5860345959663391,
7,1,1,IN,0.4,GL_RAND64,0.3019535541534424,0.07383076846599579,-0.2281227856874466,0.0734376609325409,0.06399931013584137,1.429291844367981,0.13514143228530884,0.06026298180222511,1.5678108930587769,49.0
7,1,1,IN,0.6,OP,0.2830277681350708,0.15892048180103302,-0.12410728633403778,0.06321059167385101,0.15791989862918854,0.0,0.0,0.0,0.0,
7,1,1,IN,0.6,GL_ORIG64,0.2992267608642578,0.1681530624628067,-0.1310736984014511,0.05501259118318558,0.035339564085006714,0.4073522984981537,0.15259042382240295,0.046618372201919556,0.620315670967102,
7,1,1,IN,0.6,GL_RAND64,0.3019535541534424,0.17084883153438568,-0.1311047226190567,0.06168612837791443,0.05229652673006058,1.4341987371444702,0.1638219654560089,0.05546420440077782,1.56882643699646,49.0
7,1,1,IN,0.8,OP,0.2830277681350708,0.23173730075359344,-0.051290467381477356,0.06070750579237938,0.1657586246728897,0.0,0.0,0.0,0.0,
7,1,1,IN,0.8,GL_ORIG64,0.2992267608642578,0.24529223144054413,-0.053934529423713684,0.05148344114422798,0.03476395830512047,0.4240582287311554,0.16144458949565887,0.04763226956129074,0.6403891444206238,
7,1,1,IN,0.8,GL_RAND64,0.3019535541534424,0.24799968302249908,-0.0539538711309433,0.05786433815956116,0.05060328170657158,1.4346178770065308,0.17187383770942688,0.055531539022922516,1.5663387775421143,49.0
8,1,0,OUT,0.1,OP,-0.0640745460987091,-0.06457211077213287,0.0004975646734237671,0.08529344201087952,0.1964331567287445,0.0,0.0,0.0,0.0,
8,1,0,OUT,0.1,GL_ORIG64,-0.07104268670082092,-0.07148665934801102,0.000443972647190094,0.09111112356185913,0.034557539969682693,0.4620960056781769,0.19576647877693176,0.05542750656604767,0.7080003619194031,
8,1,0,OUT,0.1,GL_RAND64,-0.07138928771018982,-0.07182712107896805,0.00043783336877822876,0.09196698665618896,0.03472096845507622,1.4582515954971313,0.20143741369247437,0.05707478150725365,1.571526288986206,50.0
8,1,0,OUT,0.2,OP,-0.0640745460987091,-0.06477858126163483,0.0007040351629257202,0.08535151183605194,0.19644129276275635,0.0,0.0,0.0,0.0,
8,1,0,OUT,0.2,GL_ORIG64,-0.07104268670082092,-0.07162866741418839,0.0005859807133674622,0.09115108102560043,0.03456193208694458,0.4621013402938843,0.19577504694461823,0.05544305220246315,0.7177169322967529,
8,1,0,OUT,0.2,GL_RAND64,-0.07138928771018982,-0.07196838408708572,0.0005790963768959045,0.09196574985980988,0.03469717130064964,1.4582643508911133,0.20143446326255798,0.05707353726029396,1.571365475654602,50.0
8,1,0,OUT,0.4,OP,-0.0640745460987091,-0.06331316381692886,-0.0007613822817802429,0.10514141619205475,0.1960439234972,0.0,0.0,0.0,0.0,
8,1,0,OUT,0.4,GL_ORIG64,-0.07104268670082092,-0.06987448781728745,-0.0011681988835334778,0.11162178963422775,0.03449542075395584,0.46115022897720337,0.1953328400850296,0.05574947968125343,0.7566642165184021,
8,1,0,OUT,0.4,GL_RAND64,-0.07138928771018982,-0.0701938346028328,-0.0011954531073570251,0.11230591684579849,0.03435458242893219,1.457611083984375,0.20092983543872833,0.05728728324174881,1.568761944770813,50.0
8,1,0,OUT,0.6,OP,-0.0640745460987091,-0.059427306056022644,-0.004647240042686462,0.11527333408594131,0.19574929773807526,0.0,0.0,0.0,0.0,
8,1,0,OUT,0.6,GL_ORIG64,-0.07104268670082092,-0.06551513075828552,-0.0055275559425354,0.12186829745769501,0.03425578400492668,0.46047982573509216,0.1950676292181015,0.05600063130259514,0.7690038084983826,
8,1,0,OUT,0.6,GL_RAND64,-0.07138928771018982,-0.06578625738620758,-0.005603030323982239,0.12250799685716629,0.034218933433294296,1.4572813510894775,0.20062868297100067,0.05735453963279724,1.5690886974334717,50.0
8,1,0,OUT,0.8,OP,-0.0640745460987091,-0.05252178758382797,-0.011552758514881134,0.1627286821603775,0.19516682624816895,0.0,0.0,0.0,0.0,
8,1,0,OUT,0.8,GL_ORIG64,-0.07104268670082092,-0.057640768587589264,-0.013401918113231659,0.17011435329914093,0.0335930660367012,0.4556288421154022,0.1946430206298828,0.05769437178969383,0.763833224773407,
8,1,0,OUT,0.8,GL_RAND64,-0.07138928771018982,-0.057846978306770325,-0.013542309403419495,0.17038346827030182,0.03397907689213753,1.4645358324050903,0.20012733340263367,0.05912432074546814,1.5691516399383545,50.0
8,1,0,IN,0.1,OP,-0.0640745460987091,0.04863879084587097,0.11271333694458008,0.24579425156116486,0.2451920509338379,0.0,0.0,0.0,0.0,
8,1,0,IN,0.1,GL_ORIG64,-0.07104268670082092,0.04850952327251434,0.11955220997333527,0.12752178311347961,0.10395381599664688,0.5503668189048767,0.21414095163345337,0.1772235482931137,0.6638098359107971,
8,1,0,IN,0.1,GL_RAND64,-0.07138928771018982,0.04849503934383392,0.11988432705402374,0.14093191921710968,0.10947736352682114,1.4280462265014648,0.22661380469799042,0.1900281459093094,1.568576693534851,50.0
8,1,0,IN,0.2,OP,-0.0640745460987091,0.04916675388813019,0.1132412999868393,0.24629445374011993,0.24665458500385284,0.0,0.0,0.0,0.0,
8,1,0,IN,0.2,GL_ORIG64,-0.07104268670082092,0.04903985559940338,0.1200825423002243,0.15426039695739746,0.11061850935220718,0.5502617955207825,0.21387456357479095,0.16827909648418427,0.67007976770401,
8,1,0,IN,0.2,GL_RAND64,-0.07138928771018982,0.04902459681034088,0.1204138845205307,0.1743810474872589,0.11847300827503204,1.4309558868408203,0.23358263075351715,0.19384720921516418,1.5694828033447266,50.0
8,1,0,IN,0.4,OP,-0.0640745460987091,0.05071277916431427,0.11478732526302338,0.4318462014198303,0.2607097923755646,0.0,0.0,0.0,0.0,
8,1,0,IN,0.4,GL_ORIG64,-0.07104268670082092,0.049903884530067444,0.12094657123088837,0.4694623649120331,0.06334793567657471,0.5936137437820435,0.25904855132102966,0.10481227189302444,0.699836790561676,
8,1,0,IN,0.4,GL_RAND64,-0.07138928771018982,0.04985523223876953,0.12124451994895935,0.4688706398010254,0.07797439396381378,1.4536210298538208,0.2723969519138336,0.11091168969869614,1.5681549310684204,50.0
8,1,0,IN,0.6,OP,-0.0640745460987091,0.04843142628669739,0.1125059723854065,0.3935905396938324,0.24005097150802612,0.0,0.0,0.0,0.0,
8,1,0,IN,0.6,GL_ORIG64,-0.07104268670082092,0.04684831202030182,0.11789099872112274,0.4268219769001007,0.05175032094120979,0.5606845617294312,0.23901094496250153,0.08729803562164307,0.711605429649353,
8,1,0,IN,0.6,GL_RAND64,-0.07138928771018982,0.046771883964538574,0.1181611716747284,0.4273136556148529,0.06139960512518883,1.4623751640319824,0.24981237947940826,0.09253618866205215,1.5675537586212158,50.0
8,1,0,IN,0.8,OP,-0.0640745460987091,0.04166802763938904,0.10574257373809814,0.41246944665908813,0.22870007157325745,0.0,0.0,0.0,0.0,
8,1,0,IN,0.8,GL_ORIG64,-0.07104268670082092,0.038258716464042664,0.10930140316486359,0.4394555985927582,0.059430185705423355,0.5507937073707581,0.2205573469400406,0.09342216700315475,0.7155451774597168,
8,1,0,IN,0.8,GL_RAND64,-0.07138928771018982,0.03813968598842621,0.10952897369861603,0.4401422441005707,0.05605968460440636,1.3857473134994507,0.22799600660800934,0.09613586962223053,1.5672507286071777,50.0
9,1,0,OUT,0.1,OP,0.0478283166885376,0.04758445918560028,0.0002438575029373169,0.05032585933804512,0.1384183168411255,0.0,0.0,0.0,0.0,
9,1,0,OUT,0.1,GL_ORIG64,0.047407522797584534,0.04734848439693451,5.9038400650024414e-05,0.030917562544345856,0.04298924282193184,0.36121881008148193,0.12727975845336914,0.0428788959980011,0.6030609607696533,
9,1,0,OUT,0.1,GL_RAND64,0.04733763635158539,0.0472806841135025,5.695223808288574e-05,0.04606584087014198,0.059556953608989716,1.4635765552520752,0.13962192833423615,0.05590531602501869,1.571191668510437,51.0
9,1,0,OUT,0.2,OP,0.0478283166885376,0.04694311320781708,0.00088520348072052,0.043912727385759354,0.12989571690559387,0.0,0.0,0.0,0.0,
9,1,0,OUT,0.2,GL_ORIG64,0.047407522797584534,0.046740397810935974,0.0006671249866485596,0.02565937116742134,0.03987278416752815,0.34116649627685547,0.11943936347961426,0.03933439403772354,0.607516348361969,
9,1,0,OUT,0.2,GL_RAND64,0.04733763635158539,0.046681761741638184,0.0006558746099472046,0.04305747523903847,0.0588403195142746,1.4691088199615479,0.1324281394481659,0.05335118621587753,1.5715322494506836,51.0
9,1,0,OUT,0.4,OP,0.0478283166885376,0.04627580940723419,0.0015525072813034058,0.04428600147366524,0.12157878279685974,0.0,0.0,0.0,0.0,
9,1,0,OUT,0.4,GL_ORIG64,0.047407522797584534,0.04613766074180603,0.0012698620557785034,0.02881191484630108,0.03981857746839523,0.3173414170742035,0.11059480160474777,0.036786265671253204,0.6410911083221436,
9,1,0,OUT,0.4,GL_RAND64,0.04733763635158539,0.04610387980937958,0.0012337565422058105,0.04529242217540741,0.06147875264286995,1.4771779775619507,0.12446046620607376,0.05158950760960579,1.5722254514694214,51.0
9,1,0,OUT,0.6,OP,0.0478283166885376,0.046097517013549805,0.001730799674987793,0.04472816735506058,0.11824209988117218,0.0,0.0,0.0,0.0,
9,1,0,OUT,0.6,GL_ORIG64,0.047407522797584534,0.04596130549907684,0.0014462172985076904,0.029654350131750107,0.03789038956165314,0.3114718198776245,0.10777075588703156,0.0366729237139225,0.64878249168396,
9,1,0,OUT,0.6,GL_RAND64,0.04733763635158539,0.04593130946159363,0.0014063268899917603,0.0458739772439003,0.060567907989025116,1.4789553880691528,0.12198824435472488,0.05152156203985214,1.5715482234954834,51.0
9,1,0,OUT,0.8,OP,0.0478283166885376,0.045915648341178894,0.0019126683473587036,0.05198194086551666,0.10786200314760208,0.0,0.0,0.0,0.0,
9,1,0,OUT,0.8,GL_ORIG64,0.047407522797584534,0.04586955904960632,0.0015379637479782104,0.03987262770533562,0.038590095937252045,0.27348965406417847,0.09593041986227036,0.035737212747335434,0.5975332260131836,
9,1,0,OUT,0.8,GL_RAND64,0.04733763635158539,0.04584045708179474,0.0014971792697906494,0.05405718833208084,0.06336513161659241,1.491080641746521,0.11175007373094559,0.051728252321481705,1.5715867280960083,51.0
9,1,0,IN,0.1,OP,0.0478283166885376,0.048923373222351074,0.0010950565338134766,0.1328616738319397,0.20216350257396698,0.0,0.0,0.0,0.0,
9,1,0,IN,0.1,GL_ORIG64,0.047407522797584534,0.04884791374206543,0.001440390944480896,0.08558645844459534,0.07568086683750153,0.5361484289169312,0.18156574666500092,0.1034713014960289,0.6182460188865662,
9,1,0,IN,0.1,GL_RAND64,0.04733763635158539,0.048833027482032776,0.0014953911304473877,0.08654540777206421,0.07483186572790146,1.4325889348983765,0.19153814017772675,0.1069517657160759,1.5726711750030518,51.0
9,1,0,IN,0.2,OP,0.0478283166885376,0.04924595355987549,0.0014176368713378906,0.10722068697214127,0.18863719701766968,0.0,0.0,0.0,0.0,
9,1,0,IN,0.2,GL_ORIG64,0.047407522797584534,0.04909759759902954,0.0016900748014450073,0.0636737048625946,0.06277304887771606,0.5107106566429138,0.17344976961612701,0.08903999626636505,0.624929666519165,
9,1,0,IN,0.2,GL_RAND64,0.04733763635158539,0.0490746945142746,0.001737058162689209,0.06400549411773682,0.061642225831747055,1.4242240190505981,0.18345855176448822,0.09249743819236755,1.5720114707946777,51.0
9,1,0,IN,0.4,OP,0.0478283166885376,0.049884214997291565,0.0020558983087539673,0.09881942719221115,0.1817447990179062,0.0,0.0,0.0,0.0,
9,1,0,IN,0.4,GL_ORIG64,0.047407522797584534,0.04968361556529999,0.002276092767715454,0.053866706788539886,0.05547492578625679,0.495692640542984,0.1692829579114914,0.0866822898387909,0.6622527837753296,
9,1,0,IN,0.4,GL_RAND64,0.04733763635158539,0.04964657127857208,0.0023089349269866943,0.05487297475337982,0.05719180777668953,1.425657868385315,0.17871850728988647,0.09030517190694809,1.5697269439697266,51.0
9,1,0,IN,0.6,OP,0.0478283166885376,0.05004735291004181,0.0022190362215042114,0.09823355078697205,0.17946748435497284,0.0,0.0,0.0,0.0,
9,1,0,IN,0.6,GL_ORIG64,0.047407522797584534,0.0498446524143219,0.0024371296167373657,0.05419723317027092,0.05248681828379631,0.490997314453125,0.16815121471881866,0.08594730496406555,0.6589990854263306,
9,1,0,IN,0.6,GL_RAND64,0.04733763635158539,0.04980593919754028,0.002468302845954895,0.055319879204034805,0.05503615364432335,1.4247299432754517,0.17753510177135468,0.08961884677410126,1.570304274559021,51.0
9,1,0,IN,0.8,OP,0.0478283166885376,0.050350457429885864,0.0025221407413482666,0.09758614748716354,0.1776401549577713,0.0,0.0,0.0,0.0,
9,1,0,IN,0.8,GL_ORIG64,0.047407522797584534,0.05008724331855774,0.0026797205209732056,0.05549563840031624,0.049059562385082245,0.48859715461730957,0.16760775446891785,0.08325784653425217,0.6049676537513733,
9,1,0,IN,0.8,GL_RAND64,0.04733763635158539,0.05003781616687775,0.0027001798152923584,0.05797126889228821,0.05336904525756836,1.4255543947219849,0.17660076916217804,0.08573520183563232,1.5708448886871338,51.0
10,0,0,OUT,0.1,OP,0.002234324812889099,0.002337843179702759,-0.00010351836681365967,0.36257317662239075,0.27185341715812683,0.0,0.0,0.0,0.0,
10,0,0,OUT,0.1,GL_ORIG64,-0.005141645669937134,-0.00500132143497467,-0.00014032423496246338,0.4236551821231842,0.08373144268989563,0.5984057188034058,0.2589433789253235,0.1042892262339592,0.674656093120575,
10,0,0,OUT,0.1,GL_RAND64,-0.005632907152175903,-0.0054623037576675415,-0.00017060339450836182,0.4237781763076782,0.0872269794344902,1.4425623416900635,0.26723822951316833,0.10736846923828125,1.573891520500183,52.0
10,0,0,OUT,0.2,OP,0.002234324812889099,0.0019323676824569702,0.0003019571304321289,0.3634783923625946,0.2719477415084839,0.0,0.0,0.0,0.0,
10,0,0,OUT,0.2,GL_ORIG64,-0.005141645669937134,-0.0053494274616241455,0.00020778179168701172,0.42454952001571655,0.08374785631895065,0.5985764265060425,0.2590426206588745,0.10464093834161758,0.6958212852478027,
10,0,0,OUT,0.2,GL_RAND64,-0.005632907152175903,-0.0057891905307769775,0.00015628337860107422,0.42462316155433655,0.08724824339151382,1.4424461126327515,0.267334520816803,0.10770757496356964,1.575963020324707,52.0
10,0,0,OUT,0.4,OP,0.002234324812889099,0.0015631169080734253,0.0006712079048156738,0.36379197239875793,0.27196380496025085,0.0,0.0,0.0,0.0,
10,0,0,OUT,0.4,GL_ORIG64,-0.005141645669937134,-0.00571519136428833,0.0005735456943511963,0.42486315965652466,0.08375726640224457,0.5986189842224121,0.25905728340148926,0.10464580357074738,0.7045920491218567,
10,0,0,OUT,0.4,GL_RAND64,-0.005632907152175903,-0.0061460137367248535,0.0005131065845489502,0.4249368906021118,0.08725275099277496,1.4424630403518677,0.2673501968383789,0.10771449655294418,1.5765254497528076,52.0
10,0,0,OUT,0.6,OP,0.002234324812889099,0.0020361095666885376,0.00019821524620056152,0.3682021200656891,0.27221670746803284,0.0,0.0,0.0,0.0,
10,0,0,OUT,0.6,GL_ORIG64,-0.005141645669937134,-0.005147799849510193,6.154179573059082e-06,0.42967647314071655,0.08387365937232971,0.5992887616157532,0.25933992862701416,0.10506045073270798,0.7208011150360107,
10,0,0,OUT,0.6,GL_RAND64,-0.005632907152175903,-0.0055693089962005615,-6.35981559753418e-05,0.4297776520252228,0.08749967813491821,1.4424169063568115,0.2675686180591583,0.10818275064229965,1.574279546737671,52.0
10,0,0,OUT,0.8,OP,0.002234324812889099,0.003703504800796509,-0.0014691799879074097,0.3714979887008667,0.2728484570980072,0.0,0.0,0.0,0.0,
10,0,0,OUT,0.8,GL_ORIG64,-0.005141645669937134,-0.0030647367238998413,-0.0020769089460372925,0.43259337544441223,0.08362044394016266,0.5988100171089172,0.26016905903816223,0.10603226721286774,0.6775314211845398,
10,0,0,OUT,0.8,GL_RAND64,-0.005632907152175903,-0.0034765303134918213,-0.002156376838684082,0.4327705502510071,0.08753708750009537,1.4399688243865967,0.26828476786613464,0.10927091538906097,1.5757545232772827,52.0
10,0,0,IN,0.1,OP,0.002234324812889099,0.04846075177192688,0.04622642695903778,0.622119128704071,0.4194626808166504,0.0,0.0,0.0,0.0,
10,0,0,IN,0.1,GL_ORIG64,-0.005141645669937134,0.048203468322753906,0.05334511399269104,0.6501466035842896,0.12298569083213806,0.9070969820022583,0.44906654953956604,0.2778531610965729,0.6611878275871277,
10,0,0,IN,0.1,GL_RAND64,-0.005632907152175903,0.04817597568035126,0.05380888283252716,0.6912792325019836,0.18035483360290527,1.0867278575897217,0.40529531240463257,0.3070438802242279,1.5756824016571045,52.0
10,0,0,IN,0.2,OP,0.002234324812889099,0.04921594262123108,0.04698161780834198,0.5712171792984009,0.3817700147628784,0.0,0.0,0.0,0.0,
10,0,0,IN,0.2,GL_ORIG64,-0.005141645669937134,0.04891490936279297,0.0540565550327301,0.5976532697677612,0.12107329815626144,0.8010908961296082,0.38849812746047974,0.2388785481452942,0.6842225193977356,
10,0,0,IN,0.2,GL_RAND64,-0.005632907152175903,0.04888996481895447,0.05452287197113037,0.6334202289581299,0.1639668196439743,1.263989806175232,0.35809051990509033,0.26545217633247375,1.574603796005249,52.0
10,0,0,IN,0.4,OP,0.002234324812889099,0.04969187080860138,0.04745754599571228,0.557649552822113,0.37257808446884155,0.0,0.0,0.0,0.0,
10,0,0,IN,0.4,GL_ORIG64,-0.005141645669937134,0.04942597448825836,0.054567620158195496,0.5820779204368591,0.11761893332004547,0.7778546810150146,0.37661978602409363,0.23661722242832184,0.6888707876205444,
10,0,0,IN,0.4,GL_RAND64,-0.005632907152175903,0.04940040409564972,0.05503331124782562,0.6168131232261658,0.15891654789447784,1.2765408754348755,0.34831199049949646,0.2624351978302002,1.5754456520080566,52.0
10,0,0,IN,0.6,OP,0.002234324812889099,0.05017419159412384,0.04793986678123474,0.4592568874359131,0.31686049699783325,0.0,0.0,0.0,0.0,
10,0,0,IN,0.6,GL_ORIG64,-0.005141645669937134,0.049809932708740234,0.05495157837867737,0.47592005133628845,0.11503859609365463,0.6391918659210205,0.29925036430358887,0.18804696202278137,0.6940792798995972,
10,0,0,IN,0.6,GL_RAND64,-0.005632907152175903,0.04976780712604523,0.05540071427822113,0.4979138672351837,0.14442573487758636,1.32135009765625,0.28017956018447876,0.20544248819351196,1.5757651329040527,52.0
10,0,0,IN,0.8,OP,0.002234324812889099,0.04822945594787598,0.04599513113498688,0.37342220544815063,0.26134756207466125,0.0,0.0,0.0,0.0,
10,0,0,IN,0.8,GL_ORIG64,-0.005141645669937134,0.04747764766216278,0.052619293332099915,0.4044030010700226,0.10608843713998795,0.5958394408226013,0.23337264358997345,0.13997124135494232,0.6430397629737854,
10,0,0,IN,0.8,GL_RAND64,-0.005632907152175903,0.04747001826763153,0.053102925419807434,0.4088245630264282,0.1066790223121643,1.5127910375595093,0.23874998092651367,0.15332341194152832,1.5767672061920166,52.0
11,1,0,OUT,0.1,OP,-0.00022909045219421387,0.0002637207508087158,-0.0004928112030029297,0.41440173983573914,0.2868954837322235,0.0,0.0,0.0,0.0,
11,1,0,OUT,0.1,GL_ORIG64,-0.005549639463424683,-0.004959762096405029,-0.0005898773670196533,0.4667661786079407,0.06166180968284607,0.5968508720397949,0.28975701332092285,0.09322122484445572,0.6787331700325012,
11,1,0,OUT,0.1,GL_RAND64,-0.0058467090129852295,-0.005253791809082031,-0.0005929172039031982,0.46773189306259155,0.06655997037887573,1.4698480367660522,0.2939383387565613,0.09628734737634659,1.5771273374557495,53.0
11,1,0,OUT,0.2,OP,-0.00022909045219421387,0.00017124414443969727,-0.00040033459663391113,0.4144112765789032,0.2869011461734772,0.0,0.0,0.0,0.0,
11,1,0,OUT,0.2,GL_ORIG64,-0.005549639463424683,-0.0050377994775772095,-0.0005118399858474731,0.4667762815952301,0.06166284903883934,0.5968607664108276,0.28976333141326904,0.09322336316108704,0.6868343353271484,
11,1,0,OUT,0.2,GL_RAND64,-0.0058467090129852295,-0.0053263455629348755,-0.000520363450050354,0.46774202585220337,0.0665607750415802,1.4698513746261597,0.2939445674419403,0.09628946334123611,1.576203465461731,53.0
11,1,0,OUT,0.4,OP,-0.00022909045219421387,4.649162292480469e-06,-0.00023373961448669434,0.41586869955062866,0.2869296073913574,0.0,0.0,0.0,0.0,
11,1,0,OUT,0.4,GL_ORIG64,-0.005549639463424683,-0.0050918906927108765,-0.00045774877071380615,0.4682949483394623,0.06167714297771454,0.596881628036499,0.28979095816612244,0.09317623823881149,0.718239426612854,
11,1,0,OUT,0.4,GL_RAND64,-0.0058467090129852295,-0.005384132266044617,-0.0004625767469406128,0.4692712128162384,0.06657035648822784,1.4698646068572998,0.29396870732307434,0.09625089168548584,1.574772834777832,53.0
11,1,0,OUT,0.6,OP,-0.00022909045219421387,-0.00013788044452667236,-9.12100076675415e-05,0.41626232862472534,0.28695499897003174,0.0,0.0,0.0,0.0,
11,1,0,OUT,0.6,GL_ORIG64,-0.005549639463424683,-0.005164742469787598,-0.00038489699363708496,0.4686872363090515,0.06170210614800453,0.5969223976135254,0.28981074690818787,0.09323328733444214,0.7071375250816345,
11,1,0,OUT,0.6,GL_RAND64,-0.0058467090129852295,-0.005451217293739319,-0.00039549171924591064,0.46966609358787537,0.0665949210524559,1.469821572303772,0.29398971796035767,0.09632577747106552,1.5744868516921997,53.0
11,1,0,OUT,0.8,OP,-0.00022909045219421387,0.00545172393321991,-0.0056808143854141235,0.4165531396865845,0.28125858306884766,0.0,0.0,0.0,0.0,
11,1,0,OUT,0.8,GL_ORIG64,-0.005549639463424683,0.0012044161558151245,-0.006754055619239807,0.4678308069705963,0.061986044049263,0.5891390442848206,0.28273478150367737,0.09361731261014938,0.6803445816040039,
11,1,0,OUT,0.8,GL_RAND64,-0.0058467090129852295,0.0008770525455474854,-0.006723761558532715,0.4692445397377014,0.06725425273180008,1.4655877351760864,0.28649279475212097,0.09699925035238266,1.5749274492263794,53.0
11,1,0,IN,0.1,OP,-0.00022909045219421387,0.04759310185909271,0.047822192311286926,0.4245172441005707,0.3127264976501465,0.0,0.0,0.0,0.0,
11,1,0,IN,0.1,GL_ORIG64,-0.005549639463424683,0.04748046398162842,0.0530301034450531,0.4666280448436737,0.04254360496997833,0.6179267168045044,0.33493131399154663,0.1240232065320015,0.6577605605125427,
11,1,0,IN,0.1,GL_RAND64,-0.0058467090129852295,0.0474780797958374,0.05332478880882263,0.46655943989753723,0.03874058648943901,1.3515501022338867,0.33914175629615784,0.12340118736028671,1.5755462646484375,53.0
11,1,0,IN,0.2,OP,-0.00022909045219421387,0.04773689806461334,0.047965988516807556,0.42388734221458435,0.3100190758705139,0.0,0.0,0.0,0.0,
11,1,0,IN,0.2,GL_ORIG64,-0.005549639463424683,0.0476270467042923,0.05317668616771698,0.4658603072166443,0.043408848345279694,0.6141970157623291,0.33106115460395813,0.12405867874622345,0.6625731587409973,
11,1,0,IN,0.2,GL_RAND64,-0.0058467090129852295,0.047619372606277466,0.053466081619262695,0.4657965898513794,0.04023914411664009,1.353569507598877,0.33533743023872375,0.12343557924032211,1.575924038887024,53.0
11,1,0,IN,0.4,OP,-0.00022909045219421387,0.04839630424976349,0.0486253947019577,0.3748002350330353,0.29321298003196716,0.0,0.0,0.0,0.0,
11,1,0,IN,0.4,GL_ORIG64,-0.005549639463424683,0.048166707158088684,0.05371634662151337,0.41003674268722534,0.04095431789755821,0.6014353632926941,0.3092670738697052,0.12223014235496521,0.690170407295227,
11,1,0,IN,0.4,GL_RAND64,-0.0058467090129852295,0.04815991222858429,0.05400662124156952,0.41000086069107056,0.0389641709625721,1.3708182573318481,0.3137699365615845,0.12179728597402573,1.575722575187683,53.0
11,1,0,IN,0.6,OP,-0.00022909045219421387,0.04866485297679901,0.048893943428993225,0.3615497946739197,0.28997859358787537,0.0,0.0,0.0,0.0,
11,1,0,IN,0.6,GL_ORIG64,-0.005549639463424683,0.048350051045417786,0.05389969050884247,0.39350542426109314,0.04455591365695,0.6078877449035645,0.3035973906517029,0.12536126375198364,0.6798498630523682,
11,1,0,IN,0.6,GL_RAND64,-0.0058467090129852295,0.04834108054637909,0.05418778955936432,0.3934420943260193,0.04289787635207176,1.380082607269287,0.30833691358566284,0.12529486417770386,1.575903058052063,53.0
11,1,0,IN,0.8,OP,-0.00022909045219421387,0.04189743101596832,0.04212652146816254,0.6286020278930664,0.3453786075115204,0.0,0.0,0.0,0.0,
11,1,0,IN,0.8,GL_ORIG64,-0.005549639463424683,0.04059991240501404,0.04614955186843872,0.6769980192184448,0.06502103805541992,0.6879310011863708,0.3634997308254242,0.1123746931552887,0.6606873273849487,
11,1,0,IN,0.8,GL_RAND64,-0.0058467090129852295,0.040624648332595825,0.046471357345581055,0.676123857498169,0.0634598359465599,1.5073076486587524,0.3722175061702728,0.1133614033460617,1.5766314268112183,53.0
12,1,0,OUT,0.1,OP,0.005591556429862976,0.006131961941719055,-0.0005404055118560791,0.2306012660264969,0.23617583513259888,0.0,0.0,0.0,0.0,
12,1,0,OUT,0.1,GL_ORIG64,-0.0015321969985961914,-0.0008376985788345337,-0.0006944984197616577,0.24896886944770813,0.051246482878923416,0.5051026344299316,0.2358575463294983,0.07547850906848907,0.6037081480026245,
12,1,0,OUT,0.1,GL_RAND64,-0.0018405914306640625,-0.0010908544063568115,-0.000749737024307251,0.24954509735107422,0.05687592551112175,1.3811026811599731,0.24166110157966614,0.07827641069889069,1.569305658340454,54.0
12,1,0,OUT,0.2,OP,0.005591556429862976,0.006632775068283081,-0.001041218638420105,0.23310120403766632,0.2375384122133255,0.0,0.0,0.0,0.0,
12,1,0,OUT,0.2,GL_ORIG64,-0.0015321969985961914,-0.0001949518918991089,-0.0013372451066970825,0.25154849886894226,0.052327316254377365,0.5070972442626953,0.2370874285697937,0.07596895843744278,0.6232699751853943,
12,1,0,OUT,0.2,GL_RAND64,-0.0018405914306640625,-0.0004223734140396118,-0.0014182180166244507,0.25208014249801636,0.0577714778482914,1.3801175355911255,0.24285617470741272,0.07866624742746353,1.5692317485809326,54.0
12,1,0,OUT,0.4,OP,0.005591556429862976,0.010390669107437134,-0.004799112677574158,0.2427203506231308,0.2400262951850891,0.0,0.0,0.0,0.0,
12,1,0,OUT,0.4,GL_ORIG64,-0.0015321969985961914,0.00431610643863678,-0.005848303437232971,0.26214608550071716,0.05443330854177475,0.5089367032051086,0.23924227058887482,0.07710669189691544,0.6502386331558228,
12,1,0,OUT,0.4,GL_RAND64,-0.0018405914306640625,0.004093840718269348,-0.005934432148933411,0.2626502513885498,0.059810835868120193,1.3774001598358154,0.24495981633663177,0.07980664819478989,1.568554162979126,54.0
12,1,0,OUT,0.6,OP,0.005591556429862976,0.016993790864944458,-0.011402234435081482,0.2615746259689331,0.24462996423244476,0.0,0.0,0.0,0.0,
12,1,0,OUT,0.6,GL_ORIG64,-0.0015321969985961914,0.012324556708335876,-0.013856753706932068,0.28311794996261597,0.055290065705776215,0.5103552937507629,0.24443179368972778,0.07896368950605392,0.6347748637199402,
12,1,0,OUT,0.6,GL_RAND64,-0.0018405914306640625,0.012164101004600525,-0.014004692435264587,0.2835344076156616,0.06088491901755333,1.3700720071792603,0.24990388751029968,0.08152499794960022,1.5683870315551758,54.0
12,1,0,OUT,0.8,OP,0.005591556429862976,0.03148762881755829,-0.025896072387695312,0.11813104152679443,0.19707849621772766,0.0,0.0,0.0,0.0,
12,1,0,OUT,0.8,GL_ORIG64,-0.0015321969985961914,0.028783127665519714,-0.030315324664115906,0.08400945365428925,0.05704902857542038,0.49381786584854126,0.1866675615310669,0.08322679251432419,0.6201995015144348,
12,1,0,OUT,0.8,GL_RAND64,-0.0018405914306640625,0.028767630457878113,-0.030608221888542175,0.08439676463603973,0.05946825444698334,1.4086501598358154,0.19361773133277893,0.08555293083190918,1.5680904388427734,54.0
12,1,0,IN,0.1,OP,0.005591556429862976,0.04876686632633209,0.043175309896469116,0.17190983891487122,0.23175224661827087,0.0,0.0,0.0,0.0,
12,1,0,IN,0.1,GL_ORIG64,-0.0015321969985961914,0.048620983958244324,0.050153180956840515,0.14533212780952454,0.09228472411632538,0.5389614701271057,0.20886538922786713,0.1131894513964653,0.5851073265075684,
12,1,0,IN,0.1,GL_RAND64,-0.0018405914306640625,0.048576027154922485,0.05041661858558655,0.1479407548904419,0.09611272811889648,1.4404383897781372,0.21679943799972534,0.11854222416877747,1.5701178312301636,54.0
12,1,0,IN,0.2,OP,0.005591556429862976,0.049586281180381775,0.0439947247505188,0.15716591477394104,0.22519998252391815,0.0,0.0,0.0,0.0,
12,1,0,IN,0.2,GL_ORIG64,-0.0015321969985961914,0.049386247992515564,0.050918444991111755,0.1221558153629303,0.09581000357866287,0.521963357925415,0.19919781386852264,0.10494634509086609,0.5976384282112122,
12,1,0,IN,0.2,GL_RAND64,-0.0018405914306640625,0.04930990934371948,0.051150500774383545,0.12486188113689423,0.0994441956281662,1.4427425861358643,0.20799925923347473,0.1117023155093193,1.5706140995025635,54.0
12,1,0,IN,0.4,OP,0.005591556429862976,0.04896678030490875,0.043375223875045776,0.13034270703792572,0.22107692062854767,0.0,0.0,0.0,0.0,
12,1,0,IN,0.4,GL_ORIG64,-0.0015321969985961914,0.04818864166736603,0.04972083866596222,0.09735355526208878,0.07489946484565735,0.5229977965354919,0.2076641321182251,0.09091676026582718,0.6214922666549683,
12,1,0,IN,0.4,GL_RAND64,-0.0018405914306640625,0.04809848964214325,0.04993908107280731,0.09836676716804504,0.07751234620809555,1.430444359779358,0.21508409082889557,0.09410443156957626,1.570812702178955,54.0
12,1,0,IN,0.6,OP,0.005591556429862976,0.04407341778278351,0.03848186135292053,0.11078799515962601,0.20687824487686157,0.0,0.0,0.0,0.0,
12,1,0,IN,0.6,GL_ORIG64,-0.0015321969985961914,0.04179851710796356,0.04333071410655975,0.07993388921022415,0.058074671775102615,0.5108163356781006,0.19866815209388733,0.08388682454824448,0.61658775806427,
12,1,0,IN,0.6,GL_RAND64,-0.0018405914306640625,0.04163442552089691,0.043475016951560974,0.08093574643135071,0.05991414189338684,1.4358676671981812,0.20642785727977753,0.08664726465940475,1.5704092979431152,54.0
12,1,0,IN,0.8,OP,0.005591556429862976,0.029942765831947327,0.02435120940208435,0.28537148237228394,0.249067023396492,0.0,0.0,0.0,0.0,
12,1,0,IN,0.8,GL_ORIG64,-0.0015321969985961914,0.025522783398628235,0.027054980397224426,0.3076130151748657,0.05775608867406845,0.5169798731803894,0.24885772168636322,0.08499377220869064,0.6209293603897095,
12,1,0,IN,0.8,GL_RAND64,-0.0018405914306640625,0.02525731921195984,0.0270979106426239,0.30804288387298584,0.0631277933716774,1.3777152299880981,0.2546040713787079,0.08799340575933456,1.5719188451766968,54.0
13,1,0,OUT,0.1,OP,-0.04991491138935089,-0.05151192098855972,0.0015970095992088318,0.08684272319078445,0.19925686717033386,0.0,0.0,0.0,0.0,
13,1,0,OUT,0.1,GL_ORIG64,-0.06347669661045074,-0.06494923681020737,0.0014725401997566223,0.09649290144443512,0.08709104359149933,0.510791003704071,0.17431749403476715,0.08246320486068726,0.7157332301139832,
13,1,0,OUT,0.1,GL_RAND64,-0.06397077441215515,-0.06543219089508057,0.001461416482925415,0.10016871988773346,0.09032578021287918,1.5145286321640015,0.1857561320066452,0.08617325872182846,1.5733429193496704,55.0
13,1,0,OUT,0.2,OP,-0.04991491138935089,-0.05211992561817169,0.0022050142288208008,0.08796748518943787,0.19948334991931915,0.0,0.0,0.0,0.0,
13,1,0,OUT,0.2,GL_ORIG64,-0.06347669661045074,-0.0653287023305893,0.0018520057201385498,0.09715481847524643,0.08727683126926422,0.5111810564994812,0.1744668185710907,0.08289995789527893,0.7277223467826843,
13,1,0,OUT,0.2,GL_RAND64,-0.06397077441215515,-0.06578462570905685,0.0018138512969017029,0.10084963589906693,0.09049298614263535,1.515000343322754,0.18590125441551208,0.08660299330949783,1.573595643043518,55.0
13,1,0,OUT,0.4,OP,-0.04991491138935089,-0.05259820818901062,0.002683296799659729,0.08917532116174698,0.19978313148021698,0.0,0.0,0.0,0.0,
13,1,0,OUT,0.4,GL_ORIG64,-0.06347669661045074,-0.06572747230529785,0.002250775694847107,0.09780663251876831,0.08752195537090302,0.5115333795547485,0.1746540367603302,0.08339300006628036,0.7485117316246033,
13,1,0,OUT,0.4,GL_RAND64,-0.06397077441215515,-0.06613630801439285,0.0021655336022377014,0.10149619728326797,0.0907287523150444,1.5151760578155518,0.18608079850673676,0.08706401288509369,1.575310230255127,55.0
13,1,0,OUT,0.6,OP,-0.04991491138935089,-0.052257657051086426,0.0023427456617355347,0.12969018518924713,0.2128438502550125,0.0,0.0,0.0,0.0,
13,1,0,OUT,0.6,GL_ORIG64,-0.06347669661045074,-0.06482948362827301,0.0013527870178222656,0.13180387020111084,0.09818494319915771,0.5372493863105774,0.1824434995651245,0.08489446341991425,0.7381017208099365,
13,1,0,OUT,0.6,GL_RAND64,-0.06397077441215515,-0.06526373326778412,0.0012929588556289673,0.1338246464729309,0.097860187292099,1.5230103731155396,0.19370780885219574,0.08810870349407196,1.5755964517593384,55.0
13,1,0,OUT,0.8,OP,-0.04991491138935089,-0.023411035537719727,-0.026503875851631165,0.09727510809898376,0.1986514925956726,0.0,0.0,0.0,0.0,
13,1,0,OUT,0.8,GL_ORIG64,-0.06347669661045074,-0.030793800950050354,-0.03268289566040039,0.10794951766729355,0.09346599876880646,0.5081042051315308,0.16925352811813354,0.08283524960279465,0.7008962631225586,
13,1,0,OUT,0.8,GL_RAND64,-0.06397077441215515,-0.031144961714744568,-0.032825812697410583,0.11120866984128952,0.09324164688587189,1.5340601205825806,0.18223820626735687,0.0867077112197876,1.5741546154022217,55.0
13,1,0,IN,0.1,OP,-0.04991491138935089,0.050268083810806274,0.10018299520015717,0.18369364738464355,0.25919392704963684,0.0,0.0,0.0,0.0,
13,1,0,IN,0.1,GL_ORIG64,-0.06347669661045074,0.05001614987850189,0.11349284648895264,0.22506053745746613,0.061306413263082504,0.5761562585830688,0.25806182622909546,0.14154158532619476,0.6838781237602234,
13,1,0,IN,0.1,GL_RAND64,-0.06397077441215515,0.05000331997871399,0.11397409439086914,0.22596094012260437,0.0601029247045517,1.4717990159988403,0.26444655656814575,0.14358831942081451,1.574639916419983,55.0
13,1,0,IN,0.2,OP,-0.04991491138935089,0.05257056653499603,0.10248547792434692,0.18127773702144623,0.24046160280704498,0.0,0.0,0.0,0.0,
13,1,0,IN,0.2,GL_ORIG64,-0.06347669661045074,0.05221793055534363,0.11569462716579437,0.18849386274814606,0.06310627609491348,0.5584635734558105,0.23436756432056427,0.1392272561788559,0.7064563632011414,
13,1,0,IN,0.2,GL_RAND64,-0.06397077441215515,0.05216747522354126,0.11613824963569641,0.1893739551305771,0.06433723866939545,1.4514600038528442,0.24236713349819183,0.14226248860359192,1.5751553773880005,55.0
13,1,0,IN,0.4,OP,-0.04991491138935089,0.05429545044898987,0.10421036183834076,0.19326648116111755,0.2408927083015442,0.0,0.0,0.0,0.0,
13,1,0,IN,0.4,GL_ORIG64,-0.06347669661045074,0.05389188230037689,0.11736857891082764,0.18167370557785034,0.07223517447710037,0.5651599764823914,0.23042169213294983,0.14528468251228333,0.7044790387153625,
13,1,0,IN,0.4,GL_RAND64,-0.06397077441215515,0.05379225313663483,0.11776302754878998,0.18287494778633118,0.074849434196949,1.4593099355697632,0.2380392700433731,0.14832456409931183,1.5767624378204346,55.0
13,1,0,IN,0.6,OP,-0.04991491138935089,0.05500428378582001,0.1049191951751709,0.39015474915504456,0.5001716017723083,0.0,0.0,0.0,0.0,
13,1,0,IN,0.6,GL_ORIG64,-0.06347669661045074,0.05375939607620239,0.11723609268665314,0.38140299916267395,0.2661912143230438,1.0129687786102295,0.38416191935539246,0.18125122785568237,0.7002573013305664,
13,1,0,IN,0.6,GL_RAND64,-0.06397077441215515,0.05366252362728119,0.11763329803943634,0.38027018308639526,0.26501837372779846,1.6059596538543701,0.3861314356327057,0.18095485866069794,1.5755107402801514,55.0
13,1,0,IN,0.8,OP,-0.04991491138935089,0.02510140836238861,0.0750163197517395,0.10819176584482193,0.2093706876039505,0.0,0.0,0.0,0.0,
13,1,0,IN,0.8,GL_ORIG64,-0.06347669661045074,0.01869836449623108,0.08217506110668182,0.10409709811210632,0.04589036852121353,0.5310361385345459,0.2043839395046234,0.0946173220872879,0.6970717310905457,
13,1,0,IN,0.8,GL_RAND64,-0.06397077441215515,0.018561825156211853,0.082532599568367,0.10713887214660645,0.07641129940748215,1.419388771057129,0.2089255005121231,0.09664177149534225,1.5769039392471313,55.0
14,1,1,OUT,0.1,OP,0.16536441445350647,0.06363792717456818,0.1017264872789383,0.12126518785953522,0.1880219727754593,0.0,0.0,0.0,0.0,
14,1,1,OUT,0.1,GL_ORIG64,0.17435406148433685,0.0719023048877716,0.10245175659656525,0.10913152247667313,0.05896853655576706,0.48579975962638855,0.17577767372131348,0.06050559878349304,0.6009861826896667,
14,1,1,OUT,0.1,GL_RAND64,0.17567144334316254,0.07315081357955933,0.10252062976360321,0.11049558222293854,0.06465435028076172,1.430281639099121,0.18568766117095947,0.0659724771976471,1.5718148946762085,56.0
14,1,1,OUT,0.2,OP,0.16536441445350647,-0.018050916492938995,0.18341533094644547,0.15524142980575562,0.20074895024299622,0.0,0.0,0.0,0.0,
14,1,1,OUT,0.2,GL_ORIG64,0.17435406148433685,-0.011427819728851318,0.18578188121318817,0.13898319005966187,0.07428018003702164,0.4995993673801422,0.18277041614055634,0.0711134523153305,0.6216613054275513,
14,1,1,OUT,0.2,GL_RAND64,0.17567144334316254,-0.010151296854019165,0.1858227401971817,0.14040301740169525,0.07893409579992294,1.4329349994659424,0.19285723567008972,0.07728185504674911,1.5730640888214111,56.0
14,1,1,OUT,0.4,OP,0.16536441445350647,-0.15342682600021362,0.3187912404537201,0.12827537953853607,0.2088269591331482,0.0,0.0,0.0,0.0,
14,1,1,OUT,0.4,GL_ORIG64,0.17435406148433685,-0.14985045790672302,0.3242045193910599,0.1050531342625618,0.06984265148639679,0.508453905582428,0.19634798169136047,0.07277099043130875,0.6081799268722534,
14,1,1,OUT,0.4,GL_RAND64,0.17567144334316254,-0.14935758709907532,0.32502903044223785,0.10796717554330826,0.07523592561483383,1.41587495803833,0.20346787571907043,0.07760272920131683,1.5711519718170166,56.0
14,1,1,OUT,0.6,OP,0.16536441445350647,-0.21861939132213593,0.3839838057756424,0.21437790989875793,0.23048341274261475,0.0,0.0,0.0,0.0,
14,1,1,OUT,0.6,GL_ORIG64,0.17435406148433685,-0.21656794846057892,0.39092200994491577,0.18980690836906433,0.04405340179800987,0.5655615925788879,0.23033852875232697,0.11282951384782791,0.5952667593955994,
14,1,1,OUT,0.6,GL_RAND64,0.17567144334316254,-0.21654728055000305,0.3922187238931656,0.18975551426410675,0.04627031087875366,1.4311721324920654,0.23707237839698792,0.1135796383023262,1.5710391998291016,56.0
14,1,1,OUT,0.8,OP,0.16536441445350647,-0.22306077182292938,0.38842518627643585,0.1804121881723404,0.21905681490898132,0.0,0.0,0.0,0.0,
14,1,1,OUT,0.8,GL_ORIG64,0.17435406148433685,-0.22233714163303375,0.3966912031173706,0.1561417132616043,0.03421977907419205,0.5535361170768738,0.2212151288986206,0.11828988045454025,0.5911762118339539,
14,1,1,OUT,0.8,GL_RAND64,0.17567144334316254,-0.2223259061574936,0.39799734950065613,0.15631161630153656,0.03913029283285141,1.4285938739776611,0.22897018492221832,0.11986153572797775,1.5703833103179932,56.0
14,1,1,IN,0.1,OP,0.16536441445350647,-0.12123236805200577,-0.28659678250551224,0.17357657849788666,0.19680753350257874,0.0,0.0,0.0,0.0,
14,1,1,IN,0.1,GL_ORIG64,0.17435406148433685,-0.11769881844520569,-0.29205287992954254,0.16089370846748352,0.07430098205804825,0.529933512210846,0.17663808166980743,0.06966489553451538,0.5994424819946289,
14,1,1,IN,0.1,GL_RAND64,0.17567144334316254,-0.11766217648983002,-0.29333361983299255,0.1615860015153885,0.07390982657670975,1.4216970205307007,0.18787285685539246,0.07236222177743912,1.569991946220398,56.0
14,1,1,IN,0.2,OP,0.16536441445350647,-0.041713811457157135,-0.2070782259106636,0.15848906338214874,0.19717279076576233,0.0,0.0,0.0,0.0,
14,1,1,IN,0.2,GL_ORIG64,0.17435406148433685,-0.03564716875553131,-0.21000123023986816,0.14437654614448547,0.07243744283914566,0.5264358520507812,0.17777571082115173,0.06968581676483154,0.6297048330307007,
14,1,1,IN,0.2,GL_RAND64,0.17567144334316254,-0.03546695411205292,-0.21113839745521545,0.14457203447818756,0.07260650396347046,1.4238039255142212,0.188766747713089,0.07255114614963531,1.5702272653579712,56.0
14,1,1,IN,0.4,OP,0.16536441445350647,0.08964385092258453,-0.07572056353092194,0.07410898804664612,0.17371106147766113,0.0,0.0,0.0,0.0,
14,1,1,IN,0.4,GL_ORIG64,0.17435406148433685,0.09667153656482697,-0.07768252491950989,0.05789560452103615,0.05271275341510773,0.48132529854774475,0.16211993992328644,0.05361437797546387,0.6204546093940735,
14,1,1,IN,0.4,GL_RAND64,0.17567144334316254,0.09764657914638519,-0.07802486419677734,0.060504280030727386,0.05646456778049469,1.4280548095703125,0.1737210899591446,0.058147214353084564,1.5717134475708008,56.0
14,1,1,IN,0.6,OP,0.16536441445350647,0.15667402744293213,-0.00869038701057434,0.051749203354120255,0.1721513867378235,0.0,0.0,0.0,0.0,
14,1,1,IN,0.6,GL_ORIG64,0.17435406148433685,0.1647806614637375,-0.009573400020599365,0.04055175557732582,0.04318062961101532,0.4729214310646057,0.16502250730991364,0.046022191643714905,0.6175112724304199,
14,1,1,IN,0.6,GL_RAND64,0.17567144334316254,0.1660824567079544,-0.00958898663520813,0.045271337032318115,0.049083560705184937,1.424180269241333,0.1757705807685852,0.051482461392879486,1.5712361335754395,56.0
14,1,1,IN,0.8,OP,0.16536441445350647,0.16513648629188538,-0.00022792816162109375,0.04731982573866844,0.1723850965499878,0.0,0.0,0.0,0.0,
14,1,1,IN,0.8,GL_ORIG64,0.17435406148433685,0.17403827607631683,-0.00031578540802001953,0.033920396119356155,0.04295694828033447,0.4734053611755371,0.16538535058498383,0.04605134576559067,0.6143431067466736,
14,1,1,IN,0.8,GL_RAND64,0.17567144334316254,0.1753533035516739,-0.00031813979148864746,0.039428915828466415,0.048843104392290115,1.4242260456085205,0.1760881096124649,0.051470544189214706,1.5685313940048218,56.0
15,0,1,OUT,0.1,OP,0.14106030762195587,0.0566667765378952,0.08439353108406067,0.11163812130689621,0.17216923832893372,0.0,0.0,0.0,0.0,
15,0,1,OUT,0.1,GL_ORIG64,0.1550639122724533,0.06974746286869049,0.08531644940376282,0.11783420294523239,0.06940968334674835,0.4551644027233124,0.14974570274353027,0.069880411028862,0.5940189957618713,
15,0,1,OUT,0.1,GL_RAND64,0.1566498577594757,0.07118476927280426,0.08546508848667145,0.12343961000442505,0.07487835735082626,1.4546414613723755,0.16801157593727112,0.07747695595026016,1.5722967386245728,57.0
15,0,1,OUT,0.2,OP,0.14106030762195587,-0.01738976687192917,0.15845007449388504,0.13445241749286652,0.1757895052433014,0.0,0.0,0.0,0.0,
15,0,1,OUT,0.2,GL_ORIG64,0.1550639122724533,-0.006246127188205719,0.16131003946065903,0.1367807388305664,0.07435045391321182,0.4483562409877777,0.15114425122737885,0.07740972191095352,0.6083170771598816,
15,0,1,OUT,0.2,GL_RAND64,0.1566498577594757,-0.005350068211555481,0.1619999259710312,0.1394999474287033,0.07904690504074097,1.4633396863937378,0.16682790219783783,0.08463036268949509,1.5726298093795776,57.0
15,0,1,OUT,0.4,OP,0.14106030762195587,-0.1440010666847229,0.28506137430667877,0.1479036808013916,0.20448365807533264,0.0,0.0,0.0,0.0,
15,0,1,OUT,0.4,GL_ORIG64,0.1550639122724533,-0.13696523010730743,0.29202914237976074,0.13854950666427612,0.0559317022562027,0.5031612515449524,0.19586420059204102,0.08404414355754852,0.5962361097335815,
15,0,1,OUT,0.4,GL_RAND64,0.1566498577594757,-0.1368682086467743,0.29351806640625,0.13901066780090332,0.059732191264629364,1.4234776496887207,0.2043243646621704,0.08687541633844376,1.570556640625,57.0
15,0,1,OUT,0.6,OP,0.14106030762195587,-0.20556198060512543,0.3466222882270813,0.14016517996788025,0.23044751584529877,0.0,0.0,0.0,0.0,
15,0,1,OUT,0.6,GL_ORIG64,0.1550639122724533,-0.2021540254354477,0.357217937707901,0.11393722146749496,0.03685721755027771,0.5758788585662842,0.2325792908668518,0.09555180370807648,0.5907267928123474,
15,0,1,OUT,0.6,GL_RAND64,0.1566498577594757,-0.20215243101119995,0.35880228877067566,0.11373907327651978,0.03836609423160553,1.4324417114257812,0.23884765803813934,0.09610667079687119,1.5735467672348022,57.0
15,0,1,OUT,0.8,OP,0.14106030762195587,-0.22154197096824646,0.36260227859020233,0.10470134764909744,0.2252640426158905,0.0,0.0,0.0,0.0,
15,0,1,OUT,0.8,GL_ORIG64,0.1550639122724533,-0.22038784623146057,0.3754517585039139,0.052069615572690964,0.031909894198179245,0.5665655732154846,0.22870145738124847,0.09872132539749146,0.5899521708488464,
15,0,1,OUT,0.8,GL_RAND64,0.1566498577594757,-0.2203725129365921,0.3770223706960678,0.05217410996556282,0.03331223130226135,1.4410526752471924,0.2351815402507782,0.09957090020179749,1.5725263357162476,57.0
15,0,1,IN,0.1,OP,0.14106030762195587,-0.1404978334903717,-0.2815581411123276,0.14385861158370972,0.1370420753955841,0.0,0.0,0.0,0.0,
15,0,1,IN,0.1,GL_ORIG64,0.1550639122724533,-0.1375199258327484,-0.2925838381052017,0.13295722007751465,0.05264894291758537,0.3742537498474121,0.11977110058069229,0.06420598924160004,0.5806045532226562,
15,0,1,IN,0.1,GL_RAND64,0.1566498577594757,-0.1372678577899933,-0.293917715549469,0.13288331031799316,0.06408924609422684,1.4683889150619507,0.13167355954647064,0.06969404965639114,1.5739666223526,57.0
15,0,1,IN,0.2,OP,0.14106030762195587,-0.07009188830852509,-0.21115219593048096,0.13015136122703552,0.1583951711654663,0.0,0.0,0.0,0.0,
15,0,1,IN,0.2,GL_ORIG64,0.1550639122724533,-0.06471559405326843,-0.21977950632572174,0.12229404598474503,0.062140416353940964,0.4289378821849823,0.1378147155046463,0.06933318823575974,0.603385865688324,
15,0,1,IN,0.2,GL_RAND64,0.1566498577594757,-0.06426585465669632,-0.22091571241617203,0.12471350282430649,0.06788209080696106,1.4564636945724487,0.15292392671108246,0.07504574954509735,1.5736037492752075,57.0
15,0,1,IN,0.4,OP,0.14106030762195587,0.058658137917518616,-0.08240216970443726,0.08143056184053421,0.1503150463104248,0.0,0.0,0.0,0.0,
15,0,1,IN,0.4,GL_ORIG64,0.1550639122724533,0.06692925095558167,-0.08813466131687164,0.0904276967048645,0.0586380735039711,0.417552649974823,0.1312422901391983,0.06028946489095688,0.5941532850265503,
15,0,1,IN,0.4,GL_RAND64,0.1566498577594757,0.06841503083705902,-0.08823482692241669,0.09622163325548172,0.0659128949046135,1.461763620376587,0.14967496693134308,0.06847650557756424,1.5739449262619019,57.0
15,0,1,IN,0.6,OP,0.14106030762195587,0.12011422216892242,-0.020946085453033447,0.06724661588668823,0.1517227441072464,0.0,0.0,0.0,0.0,
15,0,1,IN,0.6,GL_ORIG64,0.1550639122724533,0.13135698437690735,-0.02370692789554596,0.07770705968141556,0.05626026540994644,0.4195511043071747,0.1344762146472931,0.05984671413898468,0.6052209138870239,
15,0,1,IN,0.6,GL_RAND64,0.1566498577594757,0.13294394314289093,-0.023705914616584778,0.08366509526968002,0.06350049376487732,1.4577865600585938,0.15198740363121033,0.06744047999382019,1.5746831893920898,57.0
15,0,1,IN,0.8,OP,0.14106030762195587,0.13851775228977203,-0.002542555332183838,0.0657920241355896,0.15291248261928558,0.0,0.0,0.0,0.0,
15,0,1,IN,0.8,GL_ORIG64,0.1550639122724533,0.1518976241350174,-0.003166288137435913,0.07585266977548599,0.055909574031829834,0.4218622148036957,0.1361316293478012,0.060085248202085495,0.6136139631271362,
15,0,1,IN,0.8,GL_RAND64,0.1566498577594757,0.153483048081398,-0.0031668096780776978,0.08184517920017242,0.06311365216970444,1.4574675559997559,0.15333734452724457,0.0675581693649292,1.575705885887146,57.0
16,0,0,OUT,0.1,OP,-0.049830175936222076,-0.04852704703807831,-0.0013031288981437683,0.0594429075717926,0.15301969647407532,0.0,0.0,0.0,0.0,
16,0,0,OUT,0.1,GL_ORIG64,-0.05893939733505249,-0.05734807997941971,-0.001591317355632782,0.04634513705968857,0.039544761180877686,0.4014551639556885,0.14564980566501617,0.056836213916540146,0.5963351726531982,
16,0,0,OUT,0.1,GL_RAND64,-0.060099564492702484,-0.05850940942764282,-0.0015901550650596619,0.05944162607192993,0.05801240727305412,1.4330030679702759,0.15902860462665558,0.06954476982355118,1.5723092555999756,58.0
16,0,0,OUT,0.2,OP,-0.049830175936222076,-0.04675208032131195,-0.0030780956149101257,0.06024842709302902,0.15023469924926758,0.0,0.0,0.0,0.0,
16,0,0,OUT,0.2,GL_ORIG64,-0.05893939733505249,-0.055170342326164246,-0.0037690550088882446,0.048152901232242584,0.03980615362524986,0.3957318961620331,0.142421692609787,0.056473955512046814,0.6141690015792847,
16,0,0,OUT,0.2,GL_RAND64,-0.060099564492702484,-0.05633172392845154,-0.003767840564250946,0.060981545597314835,0.058643639087677,1.432788610458374,0.1561083048582077,0.06934625655412674,1.5709564685821533,58.0
16,0,0,OUT,0.4,OP,-0.049830175936222076,-0.03977828472852707,-0.010051891207695007,0.06340381503105164,0.1395585983991623,0.0,0.0,0.0,0.0,
16,0,0,OUT,0.4,GL_ORIG64,-0.05893939733505249,-0.04657513648271561,-0.012364260852336884,0.052669707685709,0.041282396763563156,0.3742828071117401,0.12980331480503082,0.05375312641263008,0.6115638613700867,
16,0,0,OUT,0.4,GL_RAND64,-0.060099564492702484,-0.047738343477249146,-0.012361221015453339,0.0653737410902977,0.061363402754068375,1.433672547340393,0.14532847702503204,0.06797239929437637,1.5723944902420044,58.0
16,0,0,OUT,0.6,OP,-0.049830175936222076,-0.02886226773262024,-0.020967908203601837,0.053541816771030426,0.1193702220916748,0.0,0.0,0.0,0.0,
16,0,0,OUT,0.6,GL_ORIG64,-0.05893939733505249,-0.03351452946662903,-0.025424867868423462,0.037655189633369446,0.042391035705804825,0.3363926410675049,0.10616389662027359,0.04746421426534653,0.5857090950012207,
16,0,0,OUT,0.6,GL_RAND64,-0.060099564492702484,-0.03465992212295532,-0.025439642369747162,0.056018903851509094,0.06502199918031693,1.432884931564331,0.12547150254249573,0.06471726298332214,1.5720720291137695,58.0
16,0,0,OUT,0.8,OP,-0.049830175936222076,0.0005276203155517578,-0.050357796251773834,0.08823630213737488,0.13187938928604126,0.0,0.0,0.0,0.0,
16,0,0,OUT,0.8,GL_ORIG64,-0.05893939733505249,-0.0008261203765869141,-0.058113276958465576,0.06284377723932266,0.07849067449569702,0.3135068714618683,0.09475274384021759,0.05764535069465637,0.5818877220153809,
16,0,0,OUT,0.8,GL_RAND64,-0.060099564492702484,-0.0017677992582321167,-0.05833176523447037,0.07709299772977829,0.09634993970394135,1.4415866136550903,0.116995669901371,0.0765092745423317,1.572178840637207,58.0
16,0,0,IN,0.1,OP,-0.049830175936222076,0.04760020971298218,0.09743038564920425,0.1341760903596878,0.22805768251419067,0.0,0.0,0.0,0.0,
16,0,0,IN,0.1,GL_ORIG64,-0.05893939733505249,0.047262534499168396,0.10620193183422089,0.08187209814786911,0.032282404601573944,0.5680257081985474,0.23174582421779633,0.11394602060317993,0.5830162763595581,
16,0,0,IN,0.1,GL_RAND64,-0.060099564492702484,0.047248080372810364,0.10734764486551285,0.08188324421644211,0.034603338688611984,1.4364886283874512,0.23817972838878632,0.11440308392047882,1.573756456375122,58.0
16,0,0,IN,0.2,OP,-0.049830175936222076,0.0471368134021759,0.09696698933839798,0.13688479363918304,0.23359687626361847,0.0,0.0,0.0,0.0,
16,0,0,IN,0.2,GL_ORIG64,-0.05893939733505249,0.0464959591627121,0.10543535649776459,0.08513466268777847,0.034504007548093796,0.5789684653282166,0.2375687211751938,0.11523265391588211,0.5940890908241272,
16,0,0,IN,0.2,GL_RAND64,-0.060099564492702484,0.04647909104824066,0.10657865554094315,0.08483842015266418,0.035803407430648804,1.4365298748016357,0.24463868141174316,0.115760937333107,1.5738706588745117,58.0
16,0,0,IN,0.4,OP,-0.049830175936222076,0.04244054853916168,0.09227072447538376,0.15469087660312653,0.2357604056596756,0.0,0.0,0.0,0.0,
16,0,0,IN,0.4,GL_ORIG64,-0.05893939733505249,0.0399148166179657,0.09885421395301819,0.13125208020210266,0.040658582001924515,0.57689368724823,0.23792606592178345,0.11096945405006409,0.6038060784339905,
16,0,0,IN,0.4,GL_RAND64,-0.060099564492702484,0.039902061223983765,0.10000162571668625,0.13137507438659668,0.04185493290424347,1.430907130241394,0.2445514053106308,0.11152191460132599,1.573248028755188,58.0
16,0,0,IN,0.6,OP,-0.049830175936222076,0.031838297843933105,0.08166847378015518,0.12438847869634628,0.23160721361637115,0.0,0.0,0.0,0.0,
16,0,0,IN,0.6,GL_ORIG64,-0.05893939733505249,0.026967525482177734,0.08590692281723022,0.10568501055240631,0.042814720422029495,0.5667104721069336,0.23219582438468933,0.1021510660648346,0.5963020920753479,
16,0,0,IN,0.6,GL_RAND64,-0.060099564492702484,0.026949793100357056,0.08704935759305954,0.1055973544716835,0.043434277176856995,1.4367541074752808,0.23899978399276733,0.10317429900169373,1.5728615522384644,58.0
16,0,0,IN,0.8,OP,-0.049830175936222076,0.0040132999420166016,0.05384347587823868,0.1287689357995987,0.21930022537708282,0.0,0.0,0.0,0.0,
16,0,0,IN,0.8,GL_ORIG64,-0.05893939733505249,-0.004858791828155518,0.05408060550689697,0.09576331824064255,0.06708360463380814,0.5480625629425049,0.20837940275669098,0.10198824107646942,0.6020556092262268,
16,0,0,IN,0.8,GL_RAND64,-0.060099564492702484,-0.005076959729194641,0.05502260476350784,0.09735336154699326,0.06930612027645111,1.4347649812698364,0.21663615107536316,0.10516496002674103,1.5739620923995972,58.0
17,1,1,OUT,0.1,OP,-0.05302596837282181,-0.09709145873785019,0.04406549036502838,0.12616316974163055,0.21939212083816528,0.0,0.0,0.0,0.0,
17,1,1,OUT,0.1,GL_ORIG64,-0.04396873712539673,-0.0886986032128334,0.044729866087436676,0.13104702532291412,0.04709778353571892,0.530042290687561,0.21725186705589294,0.060371771454811096,0.6250776052474976,
17,1,1,OUT,0.1,GL_RAND64,-0.042925164103507996,-0.087860606610775,0.044935442507267,0.13277019560337067,0.05293872952461243,1.4172612428665161,0.2242201417684555,0.06481780111789703,1.5671809911727905,59.0
17,1,1,OUT,0.2,OP,-0.05302596837282181,-0.12607288360595703,0.07304691523313522,0.20869319140911102,0.24008847773075104,0.0,0.0,0.0,0.0,
17,1,1,OUT,0.2,GL_ORIG64,-0.04396873712539673,-0.11772645264863968,0.07375771552324295,0.2131333202123642,0.05416648089885712,0.5726585388183594,0.23829402029514313,0.07124835252761841,0.6486325860023499,
17,1,1,OUT,0.2,GL_RAND64,-0.042925164103507996,-0.1173020675778389,0.0743769034743309,0.21380352973937988,0.05717737600207329,1.435219407081604,0.24363639950752258,0.07393519580364227,1.5662683248519897,59.0
17,1,1,OUT,0.4,OP,-0.05302596837282181,-0.17798881232738495,0.12496284395456314,0.15228287875652313,0.23660723865032196,0.0,0.0,0.0,0.0,
17,1,1,OUT,0.4,GL_ORIG64,-0.04396873712539673,-0.17250372469425201,0.12853498756885529,0.14674727618694305,0.04305208474397659,0.5725034475326538,0.23762552440166473,0.07618992775678635,0.6437436938285828,
17,1,1,OUT,0.4,GL_RAND64,-0.042925164103507996,-0.17242956161499023,0.12950439751148224,0.14683789014816284,0.044292740523815155,1.4336529970169067,0.24328899383544922,0.07723119854927063,1.5659266710281372,59.0
17,1,1,OUT,0.6,OP,-0.05302596837282181,-0.20610883831977844,0.15308286994695663,0.2155035436153412,0.23995201289653778,0.0,0.0,0.0,0.0,
17,1,1,OUT,0.6,GL_ORIG64,-0.04396873712539673,-0.20332105457782745,0.15935231745243073,0.22308823466300964,0.042353805154561996,0.575957179069519,0.24260199069976807,0.08509223908185959,0.6410493850708008,
17,1,1,OUT,0.6,GL_RAND64,-0.042925164103507996,-0.2032972276210785,0.1603720635175705,0.22289539873600006,0.04345587641000748,1.4391233921051025,0.24836453795433044,0.08565390110015869,1.5658432245254517,59.0
17,1,1,OUT,0.8,OP,-0.05302596837282181,-0.22113637626171112,0.1681104078888893,0.1727665364742279,0.23165002465248108,0.0,0.0,0.0,0.0,
17,1,1,OUT,0.8,GL_ORIG64,-0.04396873712539673,-0.22035391628742218,0.17638517916202545,0.1616249680519104,0.036376725882291794,0.5642583966255188,0.2348266988992691,0.09694281965494156,0.6153252124786377,
17,1,1,OUT,0.8,GL_RAND64,-0.042925164103507996,-0.22033850848674774,0.17741334438323975,0.16183048486709595,0.03728872537612915,1.4234062433242798,0.24064181745052338,0.0972534790635109,1.5679709911346436,59.0
17,1,1,IN,0.1,OP,-0.05302596837282181,-0.18229258060455322,-0.12926661223173141,0.10443983972072601,0.18152061104774475,0.0,0.0,0.0,0.0,
17,1,1,IN,0.1,GL_ORIG64,-0.04396873712539673,-0.1810094118118286,-0.13704067468643188,0.09967470914125443,0.0633658915758133,0.4578694701194763,0.167204350233078,0.05694686248898506,0.6074231863021851,
17,1,1,IN,0.1,GL_RAND64,-0.042925164103507996,-0.18059733510017395,-0.13767217099666595,0.10487186163663864,0.07506600022315979,1.4353386163711548,0.17811234295368195,0.06704659014940262,1.5684492588043213,59.0
17,1,1,IN,0.2,OP,-0.05302596837282181,-0.1528252363204956,-0.0997992679476738,0.1855001300573349,0.1914268136024475,0.0,0.0,0.0,0.0,
17,1,1,IN,0.2,GL_ORIG64,-0.04396873712539673,-0.15045413374900818,-0.10648539662361145,0.18618568778038025,0.06839580088853836,0.49021604657173157,0.17367306351661682,0.06574366241693497,0.6286622881889343,
17,1,1,IN,0.2,GL_RAND64,-0.042925164103507996,-0.14971691370010376,-0.10679174959659576,0.18885143101215363,0.07751419395208359,1.4184043407440186,0.18292085826396942,0.07379712909460068,1.5696297883987427,59.0
17,1,1,IN,0.4,OP,-0.05302596837282181,-0.10006457567214966,-0.04703860729932785,0.12308738380670547,0.20225630700588226,0.0,0.0,0.0,0.0,
17,1,1,IN,0.4,GL_ORIG64,-0.04396873712539673,-0.09510169923305511,-0.051132962107658386,0.12709826231002808,0.05089450255036354,0.4943862557411194,0.1959768533706665,0.05698644742369652,0.6450247168540955,
17,1,1,IN,0.4,GL_RAND64,-0.042925164103507996,-0.09410645812749863,-0.05118129402399063,0.12948890030384064,0.06042977049946785,1.417110800743103,0.204469233751297,0.06415793299674988,1.5687711238861084,59.0
17,1,1,IN,0.6,OP,-0.05302596837282181,-0.07192204892635345,-0.018896080553531647,0.11107229441404343,0.20516523718833923,0.0,0.0,0.0,0.0,
17,1,1,IN,0.6,GL_ORIG64,-0.04396873712539673,-0.0649029091000557,-0.020934171974658966,0.11482279747724533,0.04269726574420929,0.5028514266014099,0.2023775428533554,0.05273512750864029,0.6583980917930603,
17,1,1,IN,0.6,GL_RAND64,-0.042925164103507996,-0.06386062502861023,-0.020935460925102234,0.11723184585571289,0.051783762872219086,1.4197012186050415,0.21008017659187317,0.059139225631952286,1.5668799877166748,59.0
17,1,1,IN,0.8,OP,-0.05302596837282181,-0.0560169517993927,-0.0029909834265708923,0.09946790337562561,0.20748573541641235,0.0,0.0,0.0,0.0,
17,1,1,IN,0.8,GL_ORIG64,-0.04396873712539673,-0.04747840762138367,-0.0035096704959869385,0.1047428771853447,0.04129541292786598,0.5085142850875854,0.20550154149532318,0.05372922495007515,0.6463719606399536,
17,1,1,IN,0.8,GL_RAND64,-0.042925164103507996,-0.04644150286912918,-0.0035163387656211853,0.10704497992992401,0.04994063451886177,1.4208455085754395,0.2129773646593094,0.059577181935310364,1.567202091217041,59.0
18,1,0,OUT,0.1,OP,0.012468397617340088,0.012398213148117065,7.018446922302246e-05,0.20617394149303436,0.2629474401473999,0.0,0.0,0.0,0.0,
18,1,0,OUT,0.1,GL_ORIG64,0.007268369197845459,0.0073775798082351685,-0.00010921061038970947,0.23270398378372192,0.05007929727435112,0.5801069140434265,0.26724985241889954,0.07448232918977737,0.6346599459648132,
18,1,0,OUT,0.1,GL_RAND64,0.0069649070501327515,0.00709572434425354,-0.00013081729412078857,0.2332458794116974,0.048333317041397095,1.443268895149231,0.2741105854511261,0.07581336796283722,1.566296935081482,60.0
18,1,0,OUT,0.2,OP,0.012468397617340088,0.01208294928073883,0.0003854483366012573,0.20638568699359894,0.2631781995296478,0.0,0.0,0.0,0.0,
18,1,0,OUT,0.2,GL_ORIG64,0.007268369197845459,0.00717848539352417,8.988380432128906e-05,0.23295199871063232,0.05019455775618553,0.5803530216217041,0.26749417185783386,0.0745035782456398,0.6529931426048279,
18,1,0,OUT,0.2,GL_RAND64,0.0069649070501327515,0.00690247118473053,6.243586540222168e-05,0.23349334299564362,0.04843633249402046,1.4432942867279053,0.27435317635536194,0.07583491504192352,1.5653311014175415,60.0
18,1,0,OUT,0.4,OP,0.012468397617340088,0.011625289916992188,0.0008431077003479004,0.20739682018756866,0.2640121281147003,0.0,0.0,0.0,0.0,
18,1,0,OUT,0.4,GL_ORIG64,0.007268369197845459,0.006915390491485596,0.0003529787063598633,0.23406101763248444,0.050297923386096954,0.5819055438041687,0.2684571444988251,0.07480228692293167,0.6724194288253784,
18,1,0,OUT,0.4,GL_RAND64,0.0069649070501327515,0.006731629371643066,0.00023327767848968506,0.2345753312110901,0.04841827601194382,1.4433146715164185,0.2753053605556488,0.076067253947258,1.5655791759490967,60.0
18,1,0,OUT,0.6,OP,0.012468397617340088,0.01185646653175354,0.0006119310855865479,0.22101345658302307,0.2647026479244232,0.0,0.0,0.0,0.0,
18,1,0,OUT,0.6,GL_ORIG64,0.007268369197845459,0.007356390357017517,-8.80211591720581e-05,0.24765439331531525,0.05046751722693443,0.5822499394416809,0.2691967487335205,0.07492239028215408,0.6580600142478943,
18,1,0,OUT,0.6,GL_RAND64,0.0069649070501327515,0.007191851735115051,-0.0002269446849822998,0.24817407131195068,0.04857868701219559,1.4439762830734253,0.2760700583457947,0.0762203112244606,1.5660134553909302,60.0
18,1,0,OUT,0.8,OP,0.012468397617340088,0.015379667282104492,-0.0029112696647644043,0.24510535597801208,0.2647823393344879,0.0,0.0,0.0,0.0,
18,1,0,OUT,0.8,GL_ORIG64,0.007268369197845459,0.011401534080505371,-0.004133164882659912,0.27357399463653564,0.04132083058357239,0.5844650864601135,0.2711935341358185,0.07768178731203079,0.6599682569503784,
18,1,0,OUT,0.8,GL_RAND64,0.0069649070501327515,0.011279582977294922,-0.00431467592716217,0.2741653323173523,0.04474123194813728,1.4424875974655151,0.2770562171936035,0.07872316986322403,1.5655964612960815,60.0
18,1,0,IN,0.1,OP,0.012468397617340088,0.04913966357707977,0.036671265959739685,0.1192375123500824,0.2091454714536667,0.0,0.0,0.0,0.0,
18,1,0,IN,0.1,GL_ORIG64,0.007268369197845459,0.04896979033946991,0.04170142114162445,0.08033847063779831,0.07854275405406952,0.5263801217079163,0.18926942348480225,0.09378726780414581,0.6094762086868286,
18,1,0,IN,0.1,GL_RAND64,0.0069649070501327515,0.04894813895225525,0.0419832319021225,0.08794720470905304,0.08178383111953735,1.4734197854995728,0.2011062651872635,0.1030646339058876,1.5691694021224976,60.0
18,1,0,IN,0.2,OP,0.012468397617340088,0.04995070397853851,0.037482306361198425,0.11711563169956207,0.20849888026714325,0.0,0.0,0.0,0.0,
18,1,0,IN,0.2,GL_ORIG64,0.007268369197845459,0.04969131946563721,0.04242295026779175,0.07646260410547256,0.07010849565267563,0.531348705291748,0.19363738596439362,0.09442152827978134,0.6298919320106506,
18,1,0,IN,0.2,GL_RAND64,0.0069649070501327515,0.04966813325881958,0.04270322620868683,0.0822744145989418,0.07252027094364166,1.4598257541656494,0.20362326502799988,0.10165858268737793,1.569625973701477,60.0
18,1,0,IN,0.4,OP,0.012468397617340088,0.05132614076137543,0.03885774314403534,0.10324786603450775,0.18221038579940796,0.0,0.0,0.0,0.0,
18,1,0,IN,0.4,GL_ORIG64,0.007268369197845459,0.050928786396980286,0.04366041719913483,0.0658777728676796,0.05876949056982994,0.47123220562934875,0.16906364262104034,0.08186507225036621,0.6490617990493774,
18,1,0,IN,0.4,GL_RAND64,0.0069649070501327515,0.05083476006984711,0.043869853019714355,0.0750456303358078,0.06652592122554779,1.4470069408416748,0.1802186220884323,0.09216054528951645,1.5689343214035034,60.0
18,1,0,IN,0.6,OP,0.012468397617340088,0.05115614831447601,0.038687750697135925,0.4043038785457611,0.20166493952274323,0.0,0.0,0.0,0.0,
18,1,0,IN,0.6,GL_ORIG64,0.007268369197845459,0.050472795963287354,0.043204426765441895,0.4178481698036194,0.05028415471315384,0.5182501077651978,0.19522087275981903,0.07795760780572891,0.6320397853851318,
18,1,0,IN,0.6,GL_RAND64,0.0069649070501327515,0.0503607839345932,0.04339587688446045,0.4187643229961395,0.05275144428014755,1.43937087059021,0.20363304018974304,0.08274976909160614,1.5688868761062622,60.0
18,1,0,IN,0.8,OP,0.012468397617340088,0.04789246618747711,0.035424068570137024,0.2744344472885132,0.24545179307460785,0.0,0.0,0.0,0.0,
18,1,0,IN,0.8,GL_ORIG64,0.007268369197845459,0.046585097908973694,0.039316728711128235,0.28705188632011414,0.10657040029764175,0.5366290211677551,0.22398565709590912,0.06621020287275314,0.6277984380722046,
18,1,0,IN,0.8,GL_RAND64,0.0069649070501327515,0.04639735817909241,0.039432451128959656,0.2873319387435913,0.07764772325754166,1.4597262144088745,0.2441571056842804,0.06979810446500778,1.5682497024536133,60.0
19,0,0,OUT,0.1,OP,0.02890332043170929,0.02871270477771759,0.00019061565399169922,0.07307847589254379,0.1799914538860321,0.0,0.0,0.0,0.0,
19,0,0,OUT,0.1,GL_ORIG64,0.025113627314567566,0.025182485580444336,-6.885826587677002e-05,0.06573549658060074,0.03918825834989548,0.4564940333366394,0.17471498250961304,0.06661506742238998,0.6059284210205078,
19,0,0,OUT,0.1,GL_RAND64,0.024622783064842224,0.024725452065467834,-0.00010266900062561035,0.07133369892835617,0.05416728928685188,1.4491479396820068,0.18222405016422272,0.07347624003887177,1.5702550411224365,61.0
19,0,0,OUT,0.2,OP,0.02890332043170929,0.028169646859169006,0.0007336735725402832,0.07295980304479599,0.17900270223617554,0.0,0.0,0.0,0.0,
19,0,0,OUT,0.2,GL_ORIG64,0.025113627314567566,0.024872303009033203,0.0002413243055343628,0.06664004921913147,0.03900167718529701,0.45398831367492676,0.1736750453710556,0.06623880565166473,0.6200580596923828,
19,0,0,OUT,0.2,GL_RAND64,0.024622783064842224,0.02442401647567749,0.0001987665891647339,0.07225171476602554,0.054319076240062714,1.4498735666275024,0.18112048506736755,0.07319711148738861,1.568583369255066,61.0
19,0,0,OUT,0.4,OP,0.02890332043170929,0.028314128518104553,0.0005891919136047363,0.0731387734413147,0.17761880159378052,0.0,0.0,0.0,0.0,
19,0,0,OUT,0.4,GL_ORIG64,0.025113627314567566,0.025198087096214294,-8.445978164672852e-05,0.06741804629564285,0.03912268579006195,0.4506252706050873,0.17204278707504272,0.0659787729382515,0.6537942290306091,
19,0,0,OUT,0.4,GL_RAND64,0.024622783064842224,0.024755224585533142,-0.00013244152069091797,0.07303978502750397,0.05482538789510727,1.449934482574463,0.1794639378786087,0.07301372289657593,1.568413257598877,61.0
19,0,0,OUT,0.6,OP,0.02890332043170929,0.028233855962753296,0.0006694644689559937,0.0763188898563385,0.18087917566299438,0.0,0.0,0.0,0.0,
19,0,0,OUT,0.6,GL_ORIG64,0.025113627314567566,0.025346368551254272,-0.00023274123668670654,0.0699923112988472,0.04015675187110901,0.4572940170764923,0.17514246702194214,0.06755134463310242,0.6280190944671631,
19,0,0,OUT,0.6,GL_RAND64,0.024622783064842224,0.024974510073661804,-0.0003517270088195801,0.07484208792448044,0.05532035976648331,1.4530547857284546,0.18214309215545654,0.07374989986419678,1.5686805248260498,61.0
19,0,0,OUT,0.8,OP,0.02890332043170929,0.03582872450351715,-0.006925404071807861,0.10686582326889038,0.1935911327600479,0.0,0.0,0.0,0.0,
19,0,0,OUT,0.8,GL_ORIG64,0.025113627314567566,0.03396733105182648,-0.008853703737258911,0.09257009625434875,0.05106135830283165,0.486662894487381,0.18412241339683533,0.0738520696759224,0.6197362542152405,
19,0,0,OUT,0.8,GL_RAND64,0.024622783064842224,0.03379131853580475,-0.009168535470962524,0.0971178188920021,0.06466751545667648,1.469355583190918,0.1908046156167984,0.07872704416513443,1.568858027458191,61.0
19,0,0,IN,0.1,OP,0.02890332043170929,0.049545273184776306,0.020641952753067017,0.13833090662956238,0.2159389704465866,0.0,0.0,0.0,0.0,
19,0,0,IN,0.1,GL_ORIG64,0.025113627314567566,0.04933519661426544,0.024221569299697876,0.07437741011381149,0.07977791130542755,0.5473190546035767,0.1944584846496582,0.11589241027832031,0.5986024737358093,
19,0,0,IN,0.1,GL_RAND64,0.024622783064842224,0.04930560290813446,0.024682819843292236,0.07824134826660156,0.08309479802846909,1.426889181137085,0.20461057126522064,0.12205123156309128,1.569025993347168,61.0
19,0,0,IN,0.2,OP,0.02890332043170929,0.050566062331199646,0.021662741899490356,0.11441130191087723,0.20517504215240479,0.0,0.0,0.0,0.0,
19,0,0,IN,0.2,GL_ORIG64,0.025113627314567566,0.05010756850242615,0.02499394118785858,0.07239263504743576,0.06200297176837921,0.5286231637001038,0.19333162903785706,0.09138179570436478,0.6149530410766602,
19,0,0,IN,0.2,GL_RAND64,0.024622783064842224,0.05007432401180267,0.02545154094696045,0.07513003796339035,0.06562076508998871,1.4226397275924683,0.2032310515642166,0.09600836783647537,1.5679614543914795,61.0
19,0,0,IN,0.4,OP,0.02890332043170929,0.05104131996631622,0.022137999534606934,0.11087420582771301,0.20986808836460114,0.0,0.0,0.0,0.0,
19,0,0,IN,0.4,GL_ORIG64,0.025113627314567566,0.050432994961738586,0.02531936764717102,0.06828494369983673,0.05663599073886871,0.5379118323326111,0.20177830755710602,0.0912996232509613,0.6383051872253418,
19,0,0,IN,0.4,GL_RAND64,0.024622783064842224,0.05039386451244354,0.02577108144760132,0.07038033753633499,0.05902337655425072,1.4296530485153198,0.21110744774341583,0.09491629153490067,1.5669636726379395,61.0
19,0,0,IN,0.6,OP,0.02890332043170929,0.050705745816230774,0.021802425384521484,0.09647174179553986,0.18404662609100342,0.0,0.0,0.0,0.0,
19,0,0,IN,0.6,GL_ORIG64,0.025113627314567566,0.04976072907447815,0.024647101759910583,0.05462297052145004,0.0463552251458168,0.4740212857723236,0.1766364872455597,0.08272139728069305,0.6105853915214539,
19,0,0,IN,0.6,GL_RAND64,0.024622783064842224,0.04961894452571869,0.024996161460876465,0.0672977939248085,0.05725519359111786,1.4306819438934326,0.1878606230020523,0.09380664676427841,1.5688989162445068,61.0
19,0,0,IN,0.8,OP,0.02890332043170929,0.04493318498134613,0.01602986454963684,0.12176097184419632,0.1945328712463379,0.0,0.0,0.0,0.0,
19,0,0,IN,0.8,GL_ORIG64,0.025113627314567566,0.04301708936691284,0.017903462052345276,0.10196980834007263,0.07031930238008499,0.48407867550849915,0.1761244833469391,0.07619981467723846,0.6103183627128601,
19,0,0,IN,0.8,GL_RAND64,0.024622783064842224,0.0426751971244812,0.018052414059638977,0.10906905680894852,0.07930619269609451,1.4314242601394653,0.18669208884239197,0.08543934673070908,1.5705286264419556,61.0
20,1,1,OUT,0.1,OP,0.06965544819831848,-0.0038154423236846924,0.07347089052200317,0.09778866171836853,0.1825450360774994,0.0,0.0,0.0,0.0,
20,1,1,OUT,0.1,GL_ORIG64,0.084108367562294,0.009501323103904724,0.07460704445838928,0.09162048995494843,0.03966835141181946,0.4472457766532898,0.17870518565177917,0.05754410848021507,0.5880343914031982,
20,1,1,OUT,0.1,GL_RAND64,0.08605445921421051,0.011113420128822327,0.07494103908538818,0.09620536118745804,0.0512847937643528,1.4192599058151245,0.1864139288663864,0.06530775874853134,1.5687299966812134,62.0
20,1,1,OUT,0.2,OP,0.06965544819831848,-0.054156072437763214,0.1238115206360817,0.12334071099758148,0.18835996091365814,0.0,0.0,0.0,0.0,
20,1,1,OUT,0.2,GL_ORIG64,0.084108367562294,-0.04197701811790466,0.12608538568019867,0.11497346311807632,0.041669417172670364,0.4557008743286133,0.18442639708518982,0.06522613763809204,0.6061182022094727,
20,1,1,OUT,0.2,GL_RAND64,0.08605445921421051,-0.040862105786800385,0.1269165650010109,0.11831846088171005,0.05143251270055771,1.4249720573425293,0.19135060906410217,0.07153423875570297,1.5683295726776123,62.0
20,1,1,OUT,0.4,OP,0.06965544819831848,-0.12713663280010223,0.19679208099842072,0.19146552681922913,0.21472008526325226,0.0,0.0,0.0,0.0,
20,1,1,OUT,0.4,GL_ORIG64,0.084108367562294,-0.11821338534355164,0.20232175290584564,0.1925719529390335,0.04470207914710045,0.5012332201004028,0.2128951996564865,0.07392476499080658,0.6222648024559021,
20,1,1,OUT,0.4,GL_RAND64,0.08605445921421051,-0.11788780987262726,0.20394226908683777,0.19346049427986145,0.04780632629990578,1.42311692237854,0.21850095689296722,0.07804400473833084,1.5685397386550903,62.0
20,1,1,OUT,0.6,OP,0.06965544819831848,-0.17790165543556213,0.24755710363388062,0.1244095042347908,0.2248266637325287,0.0,0.0,0.0,0.0,
20,1,1,OUT,0.6,GL_ORIG64,0.084108367562294,-0.17207957804203033,0.25618794560432434,0.10621681809425354,0.03613245114684105,0.5256898999214172,0.22723741829395294,0.08762052655220032,0.5898054838180542,
20,1,1,OUT,0.6,GL_RAND64,0.08605445921421051,-0.17200909554958344,0.25806355476379395,0.1071370542049408,0.03628415986895561,1.422672986984253,0.23311984539031982,0.08817680925130844,1.569589614868164,62.0
20,1,1,OUT,0.8,OP,0.06965544819831848,-0.20776686072349548,0.27742230892181396,0.12323647737503052,0.23021884262561798,0.0,0.0,0.0,0.0,
20,1,1,OUT,0.8,GL_ORIG64,0.084108367562294,-0.2049054503440857,0.2890138179063797,0.10922983288764954,0.03829913213849068,0.5702422261238098,0.23317450284957886,0.08414742350578308,0.5941413044929504,
20,1,1,OUT,0.8,GL_RAND64,0.08605445921421051,-0.204890638589859,0.2909450978040695,0.11005166172981262,0.039931729435920715,1.435987114906311,0.24031205475330353,0.08593937009572983,1.5694575309753418,62.0
20,1,1,IN,0.1,OP,0.06965544819831848,-0.15216800570487976,-0.22182345390319824,0.09592733532190323,0.12562596797943115,0.0,0.0,0.0,0.0,
20,1,1,IN,0.1,GL_ORIG64,0.084108367562294,-0.1501736342906952,-0.2342820018529892,0.0816037580370903,0.043040722608566284,0.3462291657924652,0.1132531613111496,0.05358920991420746,0.5692102313041687,
20,1,1,IN,0.1,GL_RAND64,0.08605445921421051,-0.14978328347206116,-0.23583774268627167,0.08702152222394943,0.06486732512712479,1.4706344604492188,0.12894372642040253,0.06221083179116249,1.5713045597076416,62.0
20,1,1,IN,0.2,OP,0.06965544819831848,-0.10214889049530029,-0.17180433869361877,0.1009824201464653,0.14538972079753876,0.0,0.0,0.0,0.0,
20,1,1,IN,0.2,GL_ORIG64,0.084108367562294,-0.09846295416355133,-0.18257132172584534,0.09231800585985184,0.040538445115089417,0.3820512890815735,0.13653840124607086,0.051734648644924164,0.5924186706542969,
20,1,1,IN,0.2,GL_RAND64,0.08605445921421051,-0.09774403274059296,-0.18379849195480347,0.09716489911079407,0.05997379124164581,1.4471784830093384,0.1493023782968521,0.06134532764554024,1.5728989839553833,62.0
20,1,1,IN,0.4,OP,0.06965544819831848,-0.03009277582168579,-0.09974822402000427,0.0899389311671257,0.14190147817134857,0.0,0.0,0.0,0.0,
20,1,1,IN,0.4,GL_ORIG64,0.084108367562294,-0.02365589141845703,-0.10776425898075104,0.08424331992864609,0.03751961886882782,0.37178835272789,0.13429898023605347,0.04847477003931999,0.6114127039909363,
20,1,1,IN,0.4,GL_RAND64,0.08605445921421051,-0.02204999327659607,-0.10810445249080658,0.0894090011715889,0.05623672902584076,1.441576600074768,0.14657831192016602,0.058865245431661606,1.5705329179763794,62.0
20,1,1,IN,0.6,OP,0.06965544819831848,0.02116517722606659,-0.04849027097225189,0.06588910520076752,0.15508702397346497,0.0,0.0,0.0,0.0,
20,1,1,IN,0.6,GL_ORIG64,0.084108367562294,0.03021594136953354,-0.05389242619276047,0.0588475801050663,0.03449820727109909,0.3989703357219696,0.14997026324272156,0.04885529726743698,0.589302122592926,
20,1,1,IN,0.6,GL_RAND64,0.08605445921421051,0.032130226492881775,-0.053924232721328735,0.06569402664899826,0.052656762301921844,1.4377429485321045,0.16039317846298218,0.05879674851894379,1.5674978494644165,62.0
20,1,1,IN,0.8,OP,0.06965544819831848,0.05241654813289642,-0.017238900065422058,0.0661122053861618,0.1601046919822693,0.0,0.0,0.0,0.0,
20,1,1,IN,0.8,GL_ORIG64,0.084108367562294,0.0646548718214035,-0.019453495740890503,0.060742806643247604,0.033975012600421906,0.4059922695159912,0.15574869513511658,0.04890812560915947,0.6117258667945862,
20,1,1,IN,0.8,GL_RAND64,0.08605445921421051,0.06660032272338867,-0.01945413649082184,0.06704330444335938,0.051320914179086685,1.4356685876846313,0.16553834080696106,0.05812299996614456,1.5682543516159058,62.0
21,1,1,OUT,0.1,OP,0.07106755673885345,-0.012362860143184662,0.08343041688203812,0.1218908354640007,0.19006694853305817,0.0,0.0,0.0,0.0,
21,1,1,OUT,0.1,GL_ORIG64,0.08050206303596497,-0.0040753185749053955,0.08457738161087036,0.10433654487133026,0.06561137735843658,0.48768550157546997,0.1747535914182663,0.07141311466693878,0.6332061290740967,
21,1,1,OUT,0.1,GL_RAND64,0.08171789348125458,-0.003173649311065674,0.08489154279232025,0.10765409469604492,0.07399420440196991,1.4322024583816528,0.18626397848129272,0.07705431431531906,1.5736020803451538,63.0
21,1,1,OUT,0.2,OP,0.07106755673885345,-0.0861092060804367,0.15717676281929016,0.16289383172988892,0.20911304652690887,0.0,0.0,0.0,0.0,
21,1,1,OUT,0.2,GL_ORIG64,0.08050206303596497,-0.07939525693655014,0.1598973199725151,0.1405264139175415,0.0851486548781395,0.4992815852165222,0.18586573004722595,0.08605252206325531,0.6512723565101624,
21,1,1,OUT,0.2,GL_RAND64,0.08171789348125458,-0.07850481569766998,0.16022270917892456,0.14320729672908783,0.09130856394767761,1.4297330379486084,0.1955949068069458,0.09176909178495407,1.573288917541504,63.0
21,1,1,OUT,0.4,OP,0.07106755673885345,-0.18488134443759918,0.25594890117645264,0.16219423711299896,0.22102926671504974,0.0,0.0,0.0,0.0,
21,1,1,OUT,0.4,GL_ORIG64,0.08050206303596497,-0.18147650361061096,0.2619785666465759,0.14222942292690277,0.0919540748000145,0.5042054653167725,0.19636230170726776,0.09581224620342255,0.6366680860519409,
21,1,1,OUT,0.4,GL_RAND64,0.08171789348125458,-0.18094275891780853,0.2626606523990631,0.14530672132968903,0.09889261424541473,1.440050482749939,0.20580241084098816,0.10268700867891312,1.5731124877929688,63.0
21,1,1,OUT,0.6,OP,0.07106755673885345,-0.21330279111862183,0.2843703478574753,0.20794646441936493,0.2509874701499939,0.0,0.0,0.0,0.0,
21,1,1,OUT,0.6,GL_ORIG64,0.08050206303596497,-0.21083702147006989,0.29133908450603485,0.2123834192752838,0.04430081322789192,0.5948205590248108,0.25436466932296753,0.10665224492549896,0.6622633337974548,
21,1,1,OUT,0.6,GL_RAND64,0.08171789348125458,-0.2108285278081894,0.29254642128944397,0.21234457194805145,0.04610355943441391,1.44441556930542,0.26050135493278503,0.10728586465120316,1.5739860534667969,63.0
21,1,1,OUT,0.8,OP,0.07106755673885345,-0.22087983787059784,0.2919473946094513,0.2353389859199524,0.24350257217884064,0.0,0.0,0.0,0.0,
21,1,1,OUT,0.8,GL_ORIG64,0.08050206303596497,-0.21987862884998322,0.3003806918859482,0.24888013303279877,0.03950003162026405,0.5703180432319641,0.24774444103240967,0.11312859505414963,0.651239812374115,
21,1,1,OUT,0.8,GL_RAND64,0.08171789348125458,-0.2198571115732193,0.3015750050544739,0.24888408184051514,0.042522747069597244,1.44816255569458,0.253926545381546,0.11377977579832077,1.5746639966964722,63.0
21,1,1,IN,0.1,OP,0.07106755673885345,-0.14346863329410553,-0.21453619003295898,0.16082289814949036,0.1965838521718979,0.0,0.0,0.0,0.0,
21,1,1,IN,0.1,GL_ORIG64,0.08050206303596497,-0.14044249057769775,-0.22094455361366272,0.14255905151367188,0.08061958104372025,0.5183323621749878,0.1713956892490387,0.07676041126251221,0.6245154142379761,
21,1,1,IN,0.1,GL_RAND64,0.08171789348125458,-0.140217125415802,-0.22193501889705658,0.143484964966774,0.08690405637025833,1.4398412704467773,0.18423941731452942,0.08100683242082596,1.572999119758606,63.0
21,1,1,IN,0.2,OP,0.07106755673885345,-0.07433609664440155,-0.145403653383255,0.13529929518699646,0.19192352890968323,0.0,0.0,0.0,0.0,
21,1,1,IN,0.2,GL_ORIG64,0.08050206303596497,-0.06909121572971344,-0.1495932787656784,0.11702417582273483,0.07347898185253143,0.5154550075531006,0.170695960521698,0.07181479036808014,0.6558874845504761,
21,1,1,IN,0.2,GL_RAND64,0.08171789348125458,-0.06883702427148819,-0.15055491775274277,0.11745902895927429,0.07892798632383347,1.4381434917449951,0.18348951637744904,0.07614845037460327,1.5731817483901978,63.0
21,1,1,IN,0.4,OP,0.07106755673885345,0.02399485558271408,-0.047072701156139374,0.07638853043317795,0.17393626272678375,0.0,0.0,0.0,0.0,
21,1,1,IN,0.4,GL_ORIG64,0.08050206303596497,0.0313398540019989,-0.049162209033966064,0.05865398794412613,0.05439236760139465,0.4802684783935547,0.16164560616016388,0.05889100581407547,0.6486527919769287,
21,1,1,IN,0.4,GL_RAND64,0.08171789348125458,0.03202258050441742,-0.04969531297683716,0.06239290535449982,0.06251051276922226,1.430838942527771,0.17403461039066315,0.06425319612026215,1.5722694396972656,63.0
21,1,1,IN,0.6,OP,0.07106755673885345,0.05476929247379303,-0.016298264265060425,0.06190968677401543,0.16510333120822906,0.0,0.0,0.0,0.0,
21,1,1,IN,0.6,GL_ORIG64,0.08050206303596497,0.06268419325351715,-0.017817869782447815,0.048104193061590195,0.04659244045615196,0.4607977867126465,0.15561173856258392,0.05360524356365204,0.670229971408844,
21,1,1,IN,0.6,GL_RAND64,0.08171789348125458,0.06390154361724854,-0.017816349864006042,0.05383085086941719,0.056786686182022095,1.430413842201233,0.16847644746303558,0.06040849909186363,1.572700023651123,63.0
21,1,1,IN,0.8,OP,0.07106755673885345,0.06711962819099426,-0.003947928547859192,0.060310766100883484,0.1676301509141922,0.0,0.0,0.0,0.0,
21,1,1,IN,0.8,GL_ORIG64,0.08050206303596497,0.07605010271072388,-0.004451960325241089,0.04762125387787819,0.04584981128573418,0.4648021459579468,0.1588761955499649,0.0541900098323822,0.6763010025024414,
21,1,1,IN,0.8,GL_RAND64,0.08171789348125458,0.07726041972637177,-0.0044574737548828125,0.0532858669757843,0.05590774491429329,1.4305270910263062,0.17134200036525726,0.0607769601047039,1.5723825693130493,63.0
22,1,1,OUT,0.1,OP,-0.016792871057987213,-0.09543372690677643,0.07864085584878922,0.11741448193788528,0.13796477019786835,0.0,0.0,0.0,0.0,
22,1,1,OUT,0.1,GL_ORIG64,-0.009920552372932434,-0.08862653374671936,0.07870598137378693,0.10547278076410294,0.0667867511510849,0.3813043534755707,0.11227280646562576,0.0608469620347023,0.5914185047149658,
22,1,1,OUT,0.1,GL_RAND64,-0.004880785942077637,-0.08706431835889816,0.08218353241682053,0.11237695068120956,0.07982376217842102,1.4080381393432617,0.1303253173828125,0.06978064775466919,1.5707776546478271,64.0
22,1,1,OUT,0.2,OP,-0.016792871057987213,-0.15261350572109222,0.135820634663105,0.21471288800239563,0.2373715341091156,0.0,0.0,0.0,0.0,
22,1,1,OUT,0.2,GL_ORIG64,-0.009920552372932434,-0.14643621444702148,0.13651566207408905,0.18287593126296997,0.11644516885280609,0.5878112316131592,0.1940777599811554,0.10424641519784927,0.6067299246788025,
22,1,1,OUT,0.2,GL_RAND64,-0.004880785942077637,-0.1458398550748825,0.14095906913280487,0.18817076086997986,0.11853022128343582,1.4463635683059692,0.2060728371143341,0.10813271999359131,1.5701258182525635,64.0
22,1,1,OUT,0.4,OP,-0.016792871057987213,-0.2132520228624344,0.19645915180444717,0.153052419424057,0.21738246083259583,0.0,0.0,0.0,0.0,
22,1,1,OUT,0.4,GL_ORIG64,-0.009920552372932434,-0.21125639975070953,0.2013358473777771,0.12133580446243286,0.052938465029001236,0.5366577506065369,0.21161498129367828,0.09347330033779144,0.5938409566879272,
22,1,1,OUT,0.4,GL_RAND64,-0.004880785942077637,-0.2112041562795639,0.20632337033748627,0.12259279936552048,0.05796901881694794,1.4291718006134033,0.2208244502544403,0.09816349297761917,1.5712546110153198,64.0
22,1,1,OUT,0.6,OP,-0.016792871057987213,-0.2233925759792328,0.20659970492124557,0.1382579207420349,0.2217186689376831,0.0,0.0,0.0,0.0,
22,1,1,OUT,0.6,GL_ORIG64,-0.009920552372932434,-0.2226923555135727,0.21277180314064026,0.07617826014757156,0.03721611201763153,0.5538604259490967,0.22341004014015198,0.123860202729702,0.589392364025116,
22,1,1,OUT,0.6,GL_RAND64,-0.004880785942077637,-0.22268442809581757,0.21780364215373993,0.07680975645780563,0.04013039171695709,1.434369683265686,0.23006431758403778,0.12621377408504486,1.5707242488861084,64.0
22,1,1,OUT,0.8,OP,-0.016792871057987213,-0.22341451048851013,0.20662163943052292,0.1927514225244522,0.21897922456264496,0.0,0.0,0.0,0.0,
22,1,1,OUT,0.8,GL_ORIG64,-0.009920552372932434,-0.22284069657325745,0.212920144200325,0.06943993270397186,0.03846137970685959,0.5509275794029236,0.22040623426437378,0.18531906604766846,0.6174589395523071,
22,1,1,OUT,0.8,GL_RAND64,-0.004880785942077637,-0.22283384203910828,0.21795305609703064,0.07053447514772415,0.041475940495729446,1.4329004287719727,0.22758910059928894,0.19015172123908997,1.5698343515396118,64.0
22,1,1,IN,0.1,OP,-0.016792871057987213,-0.14395496249198914,-0.12716209143400192,0.08838459849357605,0.10073718428611755,0.0,0.0,0.0,0.0,
22,1,1,IN,0.1,GL_ORIG64,-0.009920552372932434,-0.1408173143863678,-0.13089676201343536,0.1064465120434761,0.05553329363465309,0.24161297082901,0.07740616053342819,0.0648789033293724,0.5801630020141602,
22,1,1,IN,0.1,GL_RAND64,-0.004880785942077637,-0.13742899894714355,-0.13254821300506592,0.11135688424110413,0.07271729409694672,1.4468395709991455,0.10062924772500992,0.07598874717950821,1.5712263584136963,64.0
22,1,1,IN,0.2,OP,-0.016792871057987213,-0.0879717469215393,-0.0711788758635521,0.08292409777641296,0.10182362794876099,0.0,0.0,0.0,0.0,
22,1,1,IN,0.2,GL_ORIG64,-0.009920552372932434,-0.08427698910236359,-0.07435643672943115,0.09098796546459198,0.05341561883687973,0.2536352574825287,0.07921896129846573,0.05790089815855026,0.590202808380127,
22,1,1,IN,0.2,GL_RAND64,-0.004880785942077637,-0.0794810801744461,-0.07460029423236847,0.0981689915060997,0.07205561548471451,1.4410840272903442,0.10290362685918808,0.07041670382022858,1.5709501504898071,64.0
22,1,1,IN,0.4,OP,-0.016792871057987213,-0.028051644563674927,-0.011258773505687714,0.04117201268672943,0.09618239104747772,0.0,0.0,0.0,0.0,
22,1,1,IN,0.4,GL_ORIG64,-0.009920552372932434,-0.022355951368808746,-0.012435398995876312,0.05218729376792908,0.04117123782634735,0.26698651909828186,0.08093252032995224,0.04806506633758545,0.5930954217910767,
22,1,1,IN,0.4,GL_RAND64,-0.004880785942077637,-0.01732524484395981,-0.012444458901882172,0.06429101526737213,0.06354371458292007,1.4394534826278687,0.10329893231391907,0.06224331259727478,1.570821762084961,64.0
22,1,1,IN,0.6,OP,-0.016792871057987213,-0.01733390986919403,-0.0005410388112068176,0.0387292243540287,0.09670963883399963,0.0,0.0,0.0,0.0,
22,1,1,IN,0.6,GL_ORIG64,-0.009920552372932434,-0.010647445917129517,-0.0007268935441970825,0.05023970454931259,0.04106401279568672,0.26829594373703003,0.08165954798460007,0.04798378422856331,0.5950437188148499,
22,1,1,IN,0.6,GL_RAND64,-0.004880785942077637,-0.005611322820186615,-0.0007305368781089783,0.06261248886585236,0.06337869167327881,1.439354658126831,0.10385538637638092,0.06201843172311783,1.5702744722366333,64.0
22,1,1,IN,0.8,OP,-0.016792871057987213,-0.01686692237854004,-7.405132055282593e-05,0.03864968195557594,0.09684256464242935,0.0,0.0,0.0,0.0,
22,1,1,IN,0.8,GL_ORIG64,-0.009920552372932434,-0.010056816041469574,-0.0001362636685371399,0.050146378576755524,0.04105518013238907,0.26854902505874634,0.08182380348443985,0.047984570264816284,0.6190840005874634,
22,1,1,IN,0.8,GL_RAND64,-0.004880785942077637,-0.005019530653953552,-0.00013874471187591553,0.06252965331077576,0.06336347758769989,1.4393525123596191,0.10397932678461075,0.06201062723994255,1.569478154182434,64.0
23,1,1,OUT,0.1,OP,0.15868227183818817,0.07747052609920502,0.08121174573898315,0.09911191463470459,0.16873590648174286,0.0,0.0,0.0,0.0,
23,1,1,OUT,0.1,GL_ORIG64,0.17051298916339874,0.08810020983219147,0.08241277933120728,0.09228083491325378,0.045595381408929825,0.4203892946243286,0.15995188057422638,0.05554903671145439,0.6235555410385132,
23,1,1,OUT,0.1,GL_RAND64,0.1727050393819809,0.09012094140052795,0.08258409798145294,0.09690240025520325,0.059137459844350815,1.4300974607467651,0.1725006252527237,0.06392485648393631,1.5707240104675293,65.0
23,1,1,OUT,0.2,OP,0.15868227183818817,0.0009567886590957642,0.1577254831790924,0.10415739566087723,0.16585420072078705,0.0,0.0,0.0,0.0,
23,1,1,OUT,0.2,GL_ORIG64,0.17051298916339874,0.0091513991355896,0.16136159002780914,0.09910685569047928,0.04729817435145378,0.3998758792877197,0.15603820979595184,0.056040793657302856,0.6309241652488708,
23,1,1,OUT,0.2,GL_RAND64,0.1727050393819809,0.011055201292037964,0.16164983808994293,0.10480102896690369,0.06348694860935211,1.4202520847320557,0.16906483471393585,0.06606397777795792,1.5712611675262451,65.0
23,1,1,OUT,0.4,OP,0.15868227183818817,-0.13360899686813354,0.2922912687063217,0.11398131400346756,0.19189684092998505,0.0,0.0,0.0,0.0,
23,1,1,OUT,0.4,GL_ORIG64,0.17051298916339874,-0.12823447585105896,0.2987474650144577,0.11389151215553284,0.053385041654109955,0.4312858581542969,0.1823372095823288,0.06308682262897491,0.6306211352348328,
23,1,1,OUT,0.4,GL_RAND64,0.1727050393819809,-0.12735041975975037,0.30005545914173126,0.11821441352367401,0.06414495408535004,1.4335834980010986,0.19392338395118713,0.07134877890348434,1.5717532634735107,65.0
23,1,1,OUT,0.6,OP,0.15868227183818817,-0.20497895777225494,0.3636612296104431,0.19753745198249817,0.24628306925296783,0.0,0.0,0.0,0.0,
23,1,1,OUT,0.6,GL_ORIG64,0.17051298916339874,-0.20169061422348022,0.37220360338687897,0.19412699341773987,0.04247814044356346,0.5782736539840698,0.2493215948343277,0.08752353489398956,0.6303513646125793,
23,1,1,OUT,0.6,GL_RAND64,0.1727050393819809,-0.2016708254814148,0.3743758648633957,0.19410252571105957,0.04365692660212517,1.446143388748169,0.2557474970817566,0.08824706077575684,1.5710796117782593,65.0
23,1,1,OUT,0.8,OP,0.15868227183818817,-0.2207140475511551,0.37939631938934326,0.13516689836978912,0.22922982275485992,0.0,0.0,0.0,0.0,
23,1,1,OUT,0.8,GL_ORIG64,0.17051298916339874,-0.21962420642375946,0.3901371955871582,0.1359393298625946,0.034037232398986816,0.5700682401657104,0.2317434549331665,0.08436621725559235,0.6118550896644592,
23,1,1,OUT,0.8,GL_RAND64,0.1727050393819809,-0.21961046755313873,0.39231550693511963,0.13593073189258575,0.03471501171588898,1.442244052886963,0.23876400291919708,0.08468801528215408,1.5702317953109741,65.0
23,1,1,IN,0.1,OP,0.15868227183818817,-0.1421283632516861,-0.30081063508987427,0.15242286026477814,0.19171181321144104,0.0,0.0,0.0,0.0,
23,1,1,IN,0.1,GL_ORIG64,0.17051298916339874,-0.13889965415000916,-0.3094126433134079,0.13809321820735931,0.0653577595949173,0.5148123502731323,0.17435579001903534,0.06816842406988144,0.6032462120056152,
23,1,1,IN,0.1,GL_RAND64,0.1727050393819809,-0.13886240124702454,-0.31156744062900543,0.13733011484146118,0.06685380637645721,1.432460904121399,0.18612462282180786,0.07150016725063324,1.5701221227645874,65.0
23,1,1,IN,0.2,OP,0.15868227183818817,-0.0677969679236412,-0.22647923976182938,0.10818789899349213,0.18322151899337769,0.0,0.0,0.0,0.0,
23,1,1,IN,0.2,GL_ORIG64,0.17051298916339874,-0.06241220980882645,-0.2329251989722252,0.09699611365795135,0.057552795857191086,0.5018088817596436,0.17000874876976013,0.05935788154602051,0.6231613755226135,
23,1,1,IN,0.2,GL_RAND64,0.1727050393819809,-0.062254734337329865,-0.23495977371931076,0.09865328669548035,0.05951106548309326,1.4528772830963135,0.18132668733596802,0.06245880946516991,1.5719401836395264,65.0
23,1,1,IN,0.4,OP,0.15868227183818817,0.06509165465831757,-0.0935906171798706,0.06182684749364853,0.15767425298690796,0.0,0.0,0.0,0.0,
23,1,1,IN,0.4,GL_ORIG64,0.17051298916339874,0.07281360030174255,-0.09769938886165619,0.04613006114959717,0.04347504302859306,0.4363558888435364,0.14848171174526215,0.05107952654361725,0.624663770198822,
23,1,1,IN,0.4,GL_RAND64,0.1727050393819809,0.0740998238325119,-0.098605215549469,0.052564676851034164,0.05548534169793129,1.4288880825042725,0.16103030741214752,0.058126602321863174,1.570340871810913,65.0
23,1,1,IN,0.6,OP,0.15868227183818817,0.13568048179149628,-0.023001790046691895,0.06778008490800858,0.16045820713043213,0.0,0.0,0.0,0.0,
23,1,1,IN,0.6,GL_ORIG64,0.17051298916339874,0.14559219777584076,-0.024920791387557983,0.06350582838058472,0.041421860456466675,0.42089924216270447,0.15226007997989655,0.04847056791186333,0.6556233167648315,
23,1,1,IN,0.6,GL_RAND64,0.1727050393819809,0.1477576643228531,-0.024947375059127808,0.06900155544281006,0.05414906144142151,1.4292999505996704,0.16501972079277039,0.056761484593153,1.571499228477478,65.0
23,1,1,IN,0.8,OP,0.15868227183818817,0.15557287633419037,-0.0031093955039978027,0.05957532674074173,0.16346785426139832,0.0,0.0,0.0,0.0,
23,1,1,IN,0.8,GL_ORIG64,0.17051298916339874,0.16693834960460663,-0.0035746395587921143,0.05406453460454941,0.04080381244421005,0.4263494610786438,0.15592223405838013,0.04846084862947464,0.6454513072967529,
23,1,1,IN,0.8,GL_RAND64,0.1727050393819809,0.16912992298603058,-0.0035751163959503174,0.060237567871809006,0.053390856832265854,1.4303807020187378,0.16834697127342224,0.056557416915893555,1.5721591711044312,65.0
24,1,1,OUT,0.1,OP,0.2033231109380722,0.10159175097942352,0.10173135995864868,0.09804527461528778,0.15457646548748016,0.0,0.0,0.0,0.0,
24,1,1,OUT,0.1,GL_ORIG64,0.21876473724842072,0.11517922580242157,0.10358551144599915,0.08526523411273956,0.06295489519834518,0.39776960015296936,0.13515253365039825,0.05938861519098282,0.6000072360038757,
24,1,1,OUT,0.1,GL_RAND64,0.22214101254940033,0.11772610247135162,0.1044149100780487,0.08983182162046432,0.07744351774454117,1.4477689266204834,0.15296877920627594,0.06997593492269516,1.573508620262146,66.0
24,1,1,OUT,0.2,OP,0.2033231109380722,0.014165297150611877,0.18915781378746033,0.11094065010547638,0.17422226071357727,0.0,0.0,0.0,0.0,
24,1,1,OUT,0.2,GL_ORIG64,0.21876473724842072,0.027288809418678284,0.19147592782974243,0.0969192162156105,0.06254847347736359,0.4361770451068878,0.15799765288829803,0.06588108837604523,0.6068050861358643,
24,1,1,OUT,0.2,GL_RAND64,0.22214101254940033,0.028759554028511047,0.19338145852088928,0.10114344954490662,0.07871344685554504,1.4537081718444824,0.17322197556495667,0.07542118430137634,1.5734201669692993,66.0
24,1,1,OUT,0.4,OP,0.2033231109380722,-0.12274424731731415,0.32606735825538635,0.13999204337596893,0.23545613884925842,0.0,0.0,0.0,0.0,
24,1,1,OUT,0.4,GL_ORIG64,0.21876473724842072,-0.11265099793672562,0.33141573518514633,0.12460548430681229,0.04476630687713623,0.5551611185073853,0.23558612167835236,0.08002805709838867,0.6069087982177734,
24,1,1,OUT,0.4,GL_RAND64,0.22214101254940033,-0.11263442039489746,0.3347754329442978,0.12537431716918945,0.04987547919154167,1.4407974481582642,0.2430962771177292,0.08254349231719971,1.5733604431152344,66.0
24,1,1,OUT,0.6,OP,0.2033231109380722,-0.18333634734153748,0.3866594582796097,0.13974341750144958,0.23054514825344086,0.0,0.0,0.0,0.0,
24,1,1,OUT,0.6,GL_ORIG64,0.21876473724842072,-0.17688900232315063,0.39565373957157135,0.11880761384963989,0.05105666443705559,0.5660656094551086,0.22953671216964722,0.0895581915974617,0.6267884969711304,
24,1,1,OUT,0.6,GL_RAND64,0.22214101254940033,-0.176847442984581,0.3989884555339813,0.11963490396738052,0.053660206496715546,1.4371155500411987,0.2410249561071396,0.09312976896762848,1.5751043558120728,66.0
24,1,1,OUT,0.8,OP,0.2033231109380722,-0.2093261033296585,0.4126492142677307,0.1008196547627449,0.23236307501792908,0.0,0.0,0.0,0.0,
24,1,1,OUT,0.8,GL_ORIG64,0.21876473724842072,-0.2062675654888153,0.425032302737236,0.06175615265965462,0.048458412289619446,0.573642373085022,0.23345240950584412,0.08755499869585037,0.5993770956993103,
24,1,1,OUT,0.8,GL_RAND64,0.22214101254940033,-0.20626965165138245,0.4284106642007828,0.06426532566547394,0.05930037796497345,1.439862847328186,0.24604853987693787,0.093239925801754,1.5752543210983276,66.0
24,1,1,IN,0.1,OP,0.2033231109380722,-0.11726974695920944,-0.32059285789728165,0.1302979439496994,0.16509929299354553,0.0,0.0,0.0,0.0,
24,1,1,IN,0.1,GL_ORIG64,0.21876473724842072,-0.11426917463541031,-0.333033911883831,0.11879715323448181,0.07174524664878845,0.48429960012435913,0.1383727490901947,0.06522790342569351,0.5920865535736084,
24,1,1,IN,0.1,GL_RAND64,0.22214101254940033,-0.11364412307739258,-0.3357851356267929,0.12173698097467422,0.07889716327190399,1.4421054124832153,0.15841810405254364,0.07252540439367294,1.5743365287780762,66.0
24,1,1,IN,0.2,OP,0.2033231109380722,-0.03318013250827789,-0.2365032434463501,0.08646748214960098,0.1449686735868454,0.0,0.0,0.0,0.0,
24,1,1,IN,0.2,GL_ORIG64,0.21876473724842072,-0.029026634991168976,-0.2477913722395897,0.0804782435297966,0.0609046034514904,0.4275248944759369,0.12257847189903259,0.05144686996936798,0.5926106572151184,
24,1,1,IN,0.2,GL_RAND64,0.22214101254940033,-0.02712254226207733,-0.24926355481147766,0.08539514988660812,0.07118020206689835,1.442617416381836,0.14374516904354095,0.06140816584229469,1.575293779373169,66.0
24,1,1,IN,0.4,OP,0.2033231109380722,0.0997018814086914,-0.1036212295293808,0.05161837115883827,0.13852760195732117,0.0,0.0,0.0,0.0,
24,1,1,IN,0.4,GL_ORIG64,0.21876473724842072,0.10666744410991669,-0.11209729313850403,0.047386568039655685,0.05402245745062828,0.4101368188858032,0.12020137906074524,0.04648726433515549,0.5918299555778503,
24,1,1,IN,0.4,GL_RAND64,0.22214101254940033,0.11002238094806671,-0.11211863160133362,0.05791201815009117,0.0687461569905281,1.444812297821045,0.14126265048980713,0.05789823457598686,1.5739058256149292,66.0
24,1,1,IN,0.6,OP,0.2033231109380722,0.15699273347854614,-0.04633037745952606,0.052316814661026,0.14438332617282867,0.0,0.0,0.0,0.0,
24,1,1,IN,0.6,GL_ORIG64,0.21876473724842072,0.16751901805400848,-0.05124571919441223,0.049027808010578156,0.05291669815778732,0.41685858368873596,0.12783588469028473,0.04718909412622452,0.6339386105537415,
24,1,1,IN,0.6,GL_RAND64,0.22214101254940033,0.17088650166988373,-0.0512545108795166,0.05876503884792328,0.06751831620931625,1.4445990324020386,0.1474592536687851,0.05806522071361542,1.5750263929367065,66.0
24,1,1,IN,0.8,OP,0.2033231109380722,0.1883518546819687,-0.014971256256103516,0.04919711872935295,0.1455230712890625,0.0,0.0,0.0,0.0,
24,1,1,IN,0.8,GL_ORIG64,0.21876473724842072,0.20164038240909576,-0.01712435483932495,0.044694773852825165,0.05274125188589096,0.41876456141471863,0.12933887541294098,0.047639474272727966,0.6145981550216675,
24,1,1,IN,0.8,GL_RAND64,0.22214101254940033,0.20501218736171722,-0.017128825187683105,0.05503753945231438,0.06721796840429306,1.4444806575775146,0.14875207841396332,0.05831112340092659,1.575087308883667,66.0
25,1,1,OUT,0.1,OP,-0.06067909300327301,-0.10199114680290222,0.04131205379962921,0.09467252343893051,0.21418096125125885,0.0,0.0,0.0,0.0,
25,1,1,OUT,0.1,GL_ORIG64,-0.04965104162693024,-0.0929582491517067,0.04330720752477646,0.07997117191553116,0.03979980945587158,0.5400393009185791,0.21345621347427368,0.06427355855703354,0.5937293767929077,
25,1,1,OUT,0.1,GL_RAND64,-0.04907536506652832,-0.09242013841867447,0.04334477335214615,0.08326506614685059,0.05527978017926216,1.4327950477600098,0.22354605793952942,0.06898505240678787,1.5729507207870483,67.0
25,1,1,OUT,0.2,OP,-0.06067909300327301,-0.13430243730545044,0.07362334430217743,0.13374212384223938,0.21292589604854584,0.0,0.0,0.0,0.0,
25,1,1,OUT,0.2,GL_ORIG64,-0.04965104162693024,-0.12698407471179962,0.07733303308486938,0.12188685685396194,0.045004092156887054,0.5367205142974854,0.2107478827238083,0.06775733083486557,0.6124231219291687,
25,1,1,OUT,0.2,GL_RAND64,-0.04907536506652832,-0.12647201120853424,0.07739664614200592,0.12481110543012619,0.06386448442935944,1.4491406679153442,0.22283080220222473,0.07375272363424301,1.574727177619934,67.0
25,1,1,OUT,0.4,OP,-0.06067909300327301,-0.17755654454231262,0.11687745153903961,0.14282381534576416,0.2049356997013092,0.0,0.0,0.0,0.0,
25,1,1,OUT,0.4,GL_ORIG64,-0.04965104162693024,-0.17322352528572083,0.12357248365879059,0.12450221925973892,0.05748320743441582,0.508084774017334,0.1975216418504715,0.0773918554186821,0.6144120693206787,
25,1,1,OUT,0.4,GL_RAND64,-0.04907536506652832,-0.17289170622825623,0.1238163411617279,0.12946483492851257,0.08782422542572021,1.4381309747695923,0.21691960096359253,0.08666446805000305,1.5734708309173584,67.0
25,1,1,OUT,0.6,OP,-0.06067909300327301,-0.20160692930221558,0.14092783629894257,0.15216520428657532,0.19866371154785156,0.0,0.0,0.0,0.0,
25,1,1,OUT,0.6,GL_ORIG64,-0.04965104162693024,-0.19928404688835144,0.1496330052614212,0.1282201111316681,0.08624587208032608,0.48173272609710693,0.17587308585643768,0.08229981362819672,0.6007074117660522,
25,1,1,OUT,0.6,GL_RAND64,-0.04907536506652832,-0.199063241481781,0.14998787641525269,0.12853646278381348,0.1074238047003746,1.4588724374771118,0.20608991384506226,0.10039098560810089,1.5752612352371216,67.0
25,1,1,OUT,0.8,OP,-0.06067909300327301,-0.21863551437854767,0.15795642137527466,0.13626359403133392,0.21088816225528717,0.0,0.0,0.0,0.0,
25,1,1,OUT,0.8,GL_ORIG64,-0.04965104162693024,-0.21792049705982208,0.16826945543289185,0.09813541173934937,0.08004872500896454,0.5123035907745361,0.1935252547264099,0.09093796461820602,0.5798056721687317,
25,1,1,OUT,0.8,GL_RAND64,-0.04907536506652832,-0.21785977482795715,0.16878440976142883,0.10351092368364334,0.08496976643800735,1.4341882467269897,0.20319651067256927,0.09884952008724213,1.5750972032546997,67.0
25,1,1,IN,0.1,OP,-0.06067909300327301,-0.18352480232715607,-0.12284570932388306,0.15599700808525085,0.21563903987407684,0.0,0.0,0.0,0.0,
25,1,1,IN,0.1,GL_ORIG64,-0.04965104162693024,-0.18070314824581146,-0.13105210661888123,0.14465869963169098,0.04791921004652977,0.5601234436035156,0.21206733584403992,0.07109925895929337,0.5863031148910522,
25,1,1,IN,0.1,GL_RAND64,-0.04907536506652832,-0.18060995638370514,-0.13153459131717682,0.14599423110485077,0.048197388648986816,1.442272663116455,0.21938179433345795,0.07296715676784515,1.5752649307250977,67.0
25,1,1,IN,0.2,OP,-0.06067909300327301,-0.1517963409423828,-0.0911172479391098,0.1616600900888443,0.22196878492832184,0.0,0.0,0.0,0.0,
25,1,1,IN,0.2,GL_ORIG64,-0.04965104162693024,-0.14666661620140076,-0.09701557457447052,0.15144893527030945,0.044190894812345505,0.5621728897094727,0.21972721815109253,0.07348865270614624,0.6186932325363159,
25,1,1,IN,0.2,GL_RAND64,-0.04907536506652832,-0.14655786752700806,-0.09748250246047974,0.1519784778356552,0.04494038596749306,1.4218906164169312,0.22630789875984192,0.07522206753492355,1.575830340385437,67.0
25,1,1,IN,0.4,OP,-0.06067909300327301,-0.11015629768371582,-0.04947720468044281,0.0906185582280159,0.21997712552547455,0.0,0.0,0.0,0.0,
25,1,1,IN,0.4,GL_ORIG64,-0.04965104162693024,-0.10233835875988007,-0.05268731713294983,0.07246220111846924,0.041484128683805466,0.5591046810150146,0.21897843480110168,0.06747831404209137,0.6338182091712952,
25,1,1,IN,0.4,GL_RAND64,-0.04907536506652832,-0.10215502977371216,-0.05307966470718384,0.07283419370651245,0.04241655394434929,1.4352203607559204,0.22538067400455475,0.0690208226442337,1.5756691694259644,67.0
25,1,1,IN,0.6,OP,-0.06067909300327301,-0.08601624518632889,-0.025337152183055878,0.07288265973329544,0.2172674536705017,0.0,0.0,0.0,0.0,
25,1,1,IN,0.6,GL_ORIG64,-0.04965104162693024,-0.07647065818309784,-0.026819616556167603,0.04980011656880379,0.039764028042554855,0.5525562167167664,0.21674902737140656,0.064273901283741,0.625160813331604,
25,1,1,IN,0.6,GL_RAND64,-0.04907536506652832,-0.07607419043779373,-0.02699882537126541,0.052844371646642685,0.04568273574113846,1.4328815937042236,0.22360847890377045,0.06676339358091354,1.5755387544631958,67.0
25,1,1,IN,0.8,OP,-0.06067909300327301,-0.06700358539819717,-0.006324492394924164,0.06335920840501785,0.21255679428577423,0.0,0.0,0.0,0.0,
25,1,1,IN,0.8,GL_ORIG64,-0.04965104162693024,-0.05634445697069168,-0.006693415343761444,0.039107609540224075,0.038849443197250366,0.5437443852424622,0.2119349241256714,0.061267394572496414,0.609959065914154,
25,1,1,IN,0.8,GL_RAND64,-0.04907536506652832,-0.05583217740058899,-0.006756812334060669,0.043804917484521866,0.051047515124082565,1.4351832866668701,0.22134792804718018,0.06531395018100739,1.573124647140503,67.0
26,0,0,OUT,0.1,OP,-0.0014300346374511719,-0.0018296986818313599,0.000399664044380188,0.09327453374862671,0.2024887204170227,0.0,0.0,0.0,0.0,
26,0,0,OUT,0.1,GL_ORIG64,-0.011136069893836975,-0.011303186416625977,0.00016711652278900146,0.10958297550678253,0.06932814419269562,0.5345274209976196,0.1825803518295288,0.07944057881832123,0.647453784942627,
26,0,0,OUT,0.1,GL_RAND64,-0.01182796061038971,-0.012028113007545471,0.00020015239715576172,0.11446364969015121,0.07552385330200195,1.4533699750900269,0.19145096838474274,0.08540944010019302,1.57340669631958,68.0
26,0,0,OUT,0.2,OP,-0.0014300346374511719,-0.002061694860458374,0.0006316602230072021,0.10083796083927155,0.2037317454814911,0.0,0.0,0.0,0.0,
26,0,0,OUT,0.2,GL_ORIG64,-0.011136069893836975,-0.011497005820274353,0.00036093592643737793,0.11509726196527481,0.07083951681852341,0.5370396971702576,0.18321539461612701,0.0807296633720398,0.6699303984642029,
26,0,0,OUT,0.2,GL_RAND64,-0.01182796061038971,-0.012196198105812073,0.0003682374954223633,0.11960965394973755,0.07718878239393234,1.4565051794052124,0.1919804811477661,0.08652916550636292,1.573014736175537,68.0
26,0,0,OUT,0.4,OP,-0.0014300346374511719,0.00025197863578796387,-0.0016820132732391357,0.11252003163099289,0.20824086666107178,0.0,0.0,0.0,0.0,
26,0,0,OUT,0.4,GL_ORIG64,-0.011136069893836975,-0.008328840136528015,-0.00280722975730896,0.1195395439863205,0.07449731975793839,0.543694019317627,0.18639346957206726,0.08629201352596283,0.6781750321388245,
26,0,0,OUT,0.4,GL_RAND64,-0.01182796061038971,-0.008698150515556335,-0.003129810094833374,0.12204042077064514,0.07993728667497635,1.4646294116973877,0.1941574513912201,0.09050338715314865,1.573987364768982,68.0
26,0,0,OUT,0.6,OP,-0.0014300346374511719,0.004674658179283142,-0.006104692816734314,0.12090956419706345,0.2112460881471634,0.0,0.0,0.0,0.0,
26,0,0,OUT,0.6,GL_ORIG64,-0.011136069893836975,-0.0031731724739074707,-0.007962897419929504,0.12788572907447815,0.07837816327810287,0.5511543154716492,0.18775075674057007,0.08986855298280716,0.6786168217658997,
26,0,0,OUT,0.6,GL_RAND64,-0.01182796061038971,-0.003362983465194702,-0.008464977145195007,0.12972305715084076,0.08318231999874115,1.4667738676071167,0.19510284066200256,0.0928247720003128,1.5731183290481567,68.0
26,0,0,OUT,0.8,OP,-0.0014300346374511719,0.0160534530878067,-0.017483487725257874,0.11924197524785995,0.20931541919708252,0.0,0.0,0.0,0.0,
26,0,0,OUT,0.8,GL_ORIG64,-0.011136069893836975,0.010599702596664429,-0.021735772490501404,0.13120099902153015,0.07868040353059769,0.54939866065979,0.18447436392307281,0.08855659514665604,0.6388499736785889,
26,0,0,OUT,0.8,GL_RAND64,-0.01182796061038971,0.010430589318275452,-0.02225854992866516,0.13329951465129852,0.084843710064888,1.4633311033248901,0.19216877222061157,0.09275270998477936,1.573714017868042,68.0
26,0,0,IN,0.1,OP,-0.0014300346374511719,0.049059316515922546,0.05048935115337372,0.3598155379295349,0.30342158675193787,0.0,0.0,0.0,0.0,
26,0,0,IN,0.1,GL_ORIG64,-0.011136069893836975,0.048986226320266724,0.0601222962141037,0.32018357515335083,0.1891847550868988,0.5808703899383545,0.21736712753772736,0.15324395895004272,0.6241967082023621,
26,0,0,IN,0.1,GL_RAND64,-0.01182796061038971,0.048954591155052185,0.060782551765441895,0.32151544094085693,0.19051292538642883,1.5007243156433105,0.22268998622894287,0.15777866542339325,1.5737498998641968,68.0
26,0,0,IN,0.2,OP,-0.0014300346374511719,0.05025039613246918,0.05168043076992035,0.36214321851730347,0.314653217792511,0.0,0.0,0.0,0.0,
26,0,0,IN,0.2,GL_ORIG64,-0.011136069893836975,0.05018813908100128,0.06132420897483826,0.29294854402542114,0.18236932158470154,0.6110424995422363,0.23639138042926788,0.20271743834018707,0.6477112770080566,
26,0,0,IN,0.2,GL_RAND64,-0.01182796061038971,0.0501600056886673,0.06198796629905701,0.2938014268875122,0.1824294626712799,1.5017539262771606,0.24194760620594025,0.2077341228723526,1.5727481842041016,68.0
26,0,0,IN,0.4,OP,-0.0014300346374511719,0.051552996039390564,0.052983030676841736,0.2522364854812622,0.25868913531303406,0.0,0.0,0.0,0.0,
26,0,0,IN,0.4,GL_ORIG64,-0.011136069893836975,0.050348833203315735,0.06148490309715271,0.23791493475437164,0.15462902188301086,0.5222830772399902,0.19360098242759705,0.13083767890930176,0.6595874428749084,
26,0,0,IN,0.4,GL_RAND64,-0.01182796061038971,0.049950361251831055,0.061778321862220764,0.25541454553604126,0.16607311367988586,1.387836217880249,0.2077859342098236,0.14470015466213226,1.5725644826889038,68.0
26,0,0,IN,0.6,OP,-0.0014300346374511719,0.04934406280517578,0.05077409744262695,0.20696640014648438,0.24111883342266083,0.0,0.0,0.0,0.0,
26,0,0,IN,0.6,GL_ORIG64,-0.011136069893836975,0.04705658555030823,0.0581926554441452,0.18970660865306854,0.12803490459918976,0.5094217658042908,0.1943436712026596,0.11676931381225586,0.6648223996162415,
26,0,0,IN,0.6,GL_RAND64,-0.01182796061038971,0.04659658670425415,0.05842454731464386,0.20399591326713562,0.13924966752529144,1.4227910041809082,0.2058367282152176,0.12734578549861908,1.572022795677185,68.0
26,0,0,IN,0.8,OP,-0.0014300346374511719,0.03716327250003815,0.03859330713748932,0.1472679227590561,0.21562059223651886,0.0,0.0,0.0,0.0,
26,0,0,IN,0.8,GL_ORIG64,-0.011136069893836975,0.0323786586523056,0.04351472854614258,0.13958653807640076,0.09218572080135345,0.5081783533096313,0.190154567360878,0.09505598247051239,0.6370755434036255,
26,0,0,IN,0.8,GL_RAND64,-0.01182796061038971,0.03183378279209137,0.04366174340248108,0.14972329139709473,0.10088039189577103,1.4442849159240723,0.20081815123558044,0.10302817076444626,1.5728932619094849,68.0
27,0,0,OUT,0.1,OP,-0.01752692461013794,-0.009369686245918274,-0.008157238364219666,0.36046361923217773,0.286262571811676,0.0,0.0,0.0,0.0,
27,0,0,OUT,0.1,GL_ORIG64,-0.031107112765312195,-0.02017250657081604,-0.010934606194496155,0.4384702444076538,0.08367609977722168,0.5806395411491394,0.2763853371143341,0.1297706812620163,0.6532626152038574,
27,0,0,OUT,0.1,GL_RAND64,-0.03207331895828247,-0.021132051944732666,-0.010941267013549805,0.43828561902046204,0.08011531084775925,1.3987914323806763,0.2864784002304077,0.13158752024173737,1.568610668182373,69.0
27,0,0,OUT,0.2,OP,-0.01752692461013794,-0.009267136454582214,-0.008259788155555725,0.3631683886051178,0.28630587458610535,0.0,0.0,0.0,0.0,
27,0,0,OUT,0.2,GL_ORIG64,-0.031107112765312195,-0.019915491342544556,-0.01119162142276764,0.44170650839805603,0.08373845368623734,0.5806697607040405,0.2764144837856293,0.1298033893108368,0.6852642893791199,
27,0,0,OUT,0.2,GL_RAND64,-0.03207331895828247,-0.02084161341190338,-0.01123170554637909,0.4414612054824829,0.08018050342798233,1.398734211921692,0.28651419281959534,0.13156798481941223,1.5683523416519165,69.0
27,0,0,OUT,0.4,OP,-0.01752692461013794,-0.008847638964653015,-0.008679285645484924,0.36910513043403625,0.2863518297672272,0.0,0.0,0.0,0.0,
27,0,0,OUT,0.4,GL_ORIG64,-0.031107112765312195,-0.019251063466072083,-0.011856049299240112,0.44816356897354126,0.08386751264333725,0.5807770490646362,0.2764270007610321,0.12964743375778198,0.7165660262107849,
27,0,0,OUT,0.4,GL_RAND64,-0.03207331895828247,-0.020196184515953064,-0.011877134442329407,0.4481905400753021,0.08025942742824554,1.3984184265136719,0.2865387201309204,0.13154835999011993,1.567826509475708,69.0
27,0,0,OUT,0.6,OP,-0.01752692461013794,-0.008040279150009155,-0.009486645460128784,0.3721831440925598,0.29532939195632935,0.0,0.0,0.0,0.0,
27,0,0,OUT,0.6,GL_ORIG64,-0.031107112765312195,-0.018553316593170166,-0.012553796172142029,0.44792887568473816,0.08526214957237244,0.6105940937995911,0.28645968437194824,0.1347416490316391,0.6972590088844299,
27,0,0,OUT,0.6,GL_RAND64,-0.03207331895828247,-0.01937595009803772,-0.012697368860244751,0.4471403658390045,0.08005114644765854,1.409544587135315,0.2972230613231659,0.13953463733196259,1.5665847063064575,69.0
27,0,0,OUT,0.8,OP,-0.01752692461013794,-0.0016245394945144653,-0.015902385115623474,0.41312938928604126,0.2996327579021454,0.0,0.0,0.0,0.0,
27,0,0,OUT,0.8,GL_ORIG64,-0.031107112765312195,-0.0113086998462677,-0.019798412919044495,0.4937637448310852,0.08556225150823593,0.6125174760818481,0.2917989194393158,0.13898234069347382,0.6816854476928711,
27,0,0,OUT,0.8,GL_RAND64,-0.03207331895828247,-0.01162092387676239,-0.02045239508152008,0.49319878220558167,0.08253985643386841,1.3923923969268799,0.3018398880958557,0.14017954468727112,1.5666652917861938,69.0
27,0,0,IN,0.1,OP,-0.01752692461013794,0.041118323802948,0.05864524841308594,0.4281662702560425,0.31098929047584534,0.0,0.0,0.0,0.0,
27,0,0,IN,0.1,GL_ORIG64,-0.031107112765312195,0.038445279002189636,0.06955239176750183,0.503961980342865,0.10488421469926834,0.7332983613014221,0.29408517479896545,0.12780891358852386,0.6423110961914062,
27,0,0,IN,0.1,GL_RAND64,-0.03207331895828247,0.03851379454135895,0.07058711349964142,0.5026553273200989,0.08369815349578857,1.4715492725372314,0.3117043375968933,0.1259598433971405,1.56789231300354,69.0
27,0,0,IN,0.2,OP,-0.01752692461013794,0.041989684104919434,0.05951660871505737,0.4266725182533264,0.3108171224594116,0.0,0.0,0.0,0.0,
27,0,0,IN,0.2,GL_ORIG64,-0.031107112765312195,0.03927621245384216,0.07038332521915436,0.5016977190971375,0.1048366129398346,0.7329235672950745,0.29390260577201843,0.12890823185443878,0.6726389527320862,
27,0,0,IN,0.2,GL_RAND64,-0.03207331895828247,0.03934818506240845,0.07142150402069092,0.5003716945648193,0.08374545723199844,1.4714806079864502,0.3114780783653259,0.12709777057170868,1.5667853355407715,69.0
27,0,0,IN,0.4,OP,-0.01752692461013794,0.04296642541885376,0.0604933500289917,0.42723116278648376,0.3111109733581543,0.0,0.0,0.0,0.0,
27,0,0,IN,0.4,GL_ORIG64,-0.031107112765312195,0.040017783641815186,0.07112489640712738,0.49927255511283875,0.10473718494176865,0.7332269549369812,0.2944457530975342,0.1347433626651764,0.6996632218360901,
27,0,0,IN,0.4,GL_RAND64,-0.03207331895828247,0.04010115563869476,0.07217447459697723,0.49820855259895325,0.08394114673137665,1.4720479249954224,0.3117830753326416,0.13332708179950714,1.5690399408340454,69.0
27,0,0,IN,0.6,OP,-0.01752692461013794,0.042453035712242126,0.059979960322380066,0.45472997426986694,0.3055410087108612,0.0,0.0,0.0,0.0,
27,0,0,IN,0.6,GL_ORIG64,-0.031107112765312195,0.03920717537403107,0.07031428813934326,0.5069165825843811,0.10387613624334335,0.7247446179389954,0.2870246171951294,0.1480659395456314,0.6773777008056641,
27,0,0,IN,0.6,GL_RAND64,-0.03207331895828247,0.03920505940914154,0.07127837836742401,0.5064717531204224,0.08541964739561081,1.3633440732955933,0.3025975823402405,0.1521703451871872,1.5694313049316406,69.0
27,0,0,IN,0.8,OP,-0.01752692461013794,0.03543993830680847,0.05296686291694641,0.40676364302635193,0.2644839882850647,0.0,0.0,0.0,0.0,
27,0,0,IN,0.8,GL_ORIG64,-0.031107112765312195,0.03150661289691925,0.06261372566223145,0.4637793302536011,0.09315340220928192,0.5794999599456787,0.24487531185150146,0.11621636897325516,0.6512070298194885,
27,0,0,IN,0.8,GL_RAND64,-0.03207331895828247,0.030889049172401428,0.0629623681306839,0.46439141035079956,0.07982926070690155,1.4311988353729248,0.259114146232605,0.11922746896743774,1.568761944770813,69.0
28,1,0,OUT,0.1,OP,0.008048802614212036,0.007899627089500427,0.0001491755247116089,0.4202152490615845,0.314249724149704,0.0,0.0,0.0,0.0,
28,1,0,OUT,0.1,GL_ORIG64,0.004291802644729614,0.00417308509349823,0.00011871755123138428,0.46888741850852966,0.05532276630401611,0.696334719657898,0.3321709632873535,0.07922062277793884,0.6556624174118042,
28,1,0,OUT,0.1,GL_RAND64,0.004257112741470337,0.004141360521316528,0.0001157522201538086,0.4690404236316681,0.056582797318696976,1.5551972389221191,0.3392670452594757,0.07920286059379578,1.5710448026657104,70.0
28,1,0,OUT,0.2,OP,0.008048802614212036,0.00782930850982666,0.00021949410438537598,0.42022809386253357,0.31425437331199646,0.0,0.0,0.0,0.0,
28,1,0,OUT,0.2,GL_ORIG64,0.004291802644729614,0.004108890891075134,0.00018291175365447998,0.46890169382095337,0.05532409995794296,0.6963447332382202,0.3321765959262848,0.07922139018774033,0.6781485080718994,
28,1,0,OUT,0.2,GL_RAND64,0.004257112741470337,0.004078969359397888,0.00017814338207244873,0.4690546989440918,0.056583747267723083,1.5552021265029907,0.33927273750305176,0.07920346409082413,1.5715607404708862,70.0
28,1,0,OUT,0.4,OP,0.008048802614212036,0.007631480693817139,0.00041732192039489746,0.42024946212768555,0.31426116824150085,0.0,0.0,0.0,0.0,
28,1,0,OUT,0.4,GL_ORIG64,0.004291802644729614,0.003912240266799927,0.0003795623779296875,0.46892696619033813,0.055326029658317566,0.6963611841201782,0.3321855664253235,0.07922021299600601,0.7121044993400574,
28,1,0,OUT,0.4,GL_RAND64,0.004257112741470337,0.00388355553150177,0.0003735572099685669,0.4690799415111542,0.05658503249287605,1.555214524269104,0.3392817974090576,0.07920199632644653,1.5719094276428223,70.0
28,1,0,OUT,0.6,OP,0.008048802614212036,0.007487624883651733,0.0005611777305603027,0.42027297616004944,0.3142681121826172,0.0,0.0,0.0,0.0,
28,1,0,OUT,0.6,GL_ORIG64,0.004291802644729614,0.0037715137004852295,0.0005202889442443848,0.46895331144332886,0.05532708391547203,0.6963777542114258,0.332194447517395,0.07922279089689255,0.7208878993988037,
28,1,0,OUT,0.6,GL_RAND64,0.004257112741470337,0.0037453770637512207,0.0005117356777191162,0.4691062569618225,0.05658536031842232,1.5552232265472412,0.3392907381057739,0.07920429110527039,1.568872332572937,70.0
28,1,0,OUT,0.8,OP,0.008048802614212036,0.007093533873558044,0.0009552687406539917,0.42032238841056824,0.31427818536758423,0.0,0.0,0.0,0.0,
28,1,0,OUT,0.8,GL_ORIG64,0.004291802644729614,0.0033737868070602417,0.0009180158376693726,0.4690164625644684,0.05532868579030037,0.6963983774185181,0.33220812678337097,0.07919754832983017,0.6978142261505127,
28,1,0,OUT,0.8,GL_RAND64,0.004257112741470337,0.003344908356666565,0.000912204384803772,0.46915963292121887,0.05656159669160843,1.555230736732483,0.3392927050590515,0.0790984109044075,1.5699681043624878,70.0
28,1,0,IN,0.1,OP,0.008048802614212036,0.04787537455558777,0.03982657194137573,0.18553005158901215,0.2555450201034546,0.0,0.0,0.0,0.0,
28,1,0,IN,0.1,GL_ORIG64,0.004291802644729614,0.04784761369228363,0.043555811047554016,0.17758621275424957,0.046166691929101944,0.6052693128585815,0.2600407302379608,0.12618309259414673,0.6318064332008362,
28,1,0,IN,0.1,GL_RAND64,0.004257112741470337,0.04784145951271057,0.043584346771240234,0.18255135416984558,0.08031107485294342,1.477331280708313,0.27473020553588867,0.1342345029115677,1.5731821060180664,70.0
28,1,0,IN,0.2,OP,0.008048802614212036,0.04804025590419769,0.03999145328998566,0.18350033462047577,0.2452862411737442,0.0,0.0,0.0,0.0,
28,1,0,IN,0.2,GL_ORIG64,0.004291802644729614,0.04801316559314728,0.043721362948417664,0.17541566491127014,0.04880215972661972,0.5827013850212097,0.2467350959777832,0.1240367591381073,0.6579896211624146,
28,1,0,IN,0.2,GL_RAND64,0.004257112741470337,0.04800485074520111,0.043747738003730774,0.18028344213962555,0.07809250801801682,1.4731848239898682,0.2603267729282379,0.1318342387676239,1.5757102966308594,70.0
28,1,0,IN,0.4,OP,0.008048802614212036,0.048233091831207275,0.04018428921699524,0.14514605700969696,0.2358086258172989,0.0,0.0,0.0,0.0,
28,1,0,IN,0.4,GL_ORIG64,0.004291802644729614,0.048202887177467346,0.04391108453273773,0.1236538365483284,0.04502028599381447,0.563471794128418,0.23681597411632538,0.11980665475130081,0.6837143301963806,
28,1,0,IN,0.4,GL_RAND64,0.004257112741470337,0.048193156719207764,0.04393604397773743,0.13026553392410278,0.07093028724193573,1.4624320268630981,0.24870334565639496,0.1275959014892578,1.5745097398757935,70.0
28,1,0,IN,0.6,OP,0.008048802614212036,0.048386529088020325,0.04033772647380829,0.13901576399803162,0.2239941954612732,0.0,0.0,0.0,0.0,
28,1,0,IN,0.6,GL_ORIG64,0.004291802644729614,0.04835133254528046,0.04405952990055084,0.11815868318080902,0.04299621284008026,0.5361154675483704,0.22377118468284607,0.11442068964242935,0.6796514391899109,
28,1,0,IN,0.6,GL_RAND64,0.004257112741470337,0.048338472843170166,0.04408136010169983,0.1246381476521492,0.06787557899951935,1.453948974609375,0.23529909551143646,0.12199562042951584,1.5741422176361084,70.0
28,1,0,IN,0.8,OP,0.008048802614212036,0.048691824078559875,0.04064302146434784,0.13039880990982056,0.21609152853488922,0.0,0.0,0.0,0.0,
28,1,0,IN,0.8,GL_ORIG64,0.004291802644729614,0.04865345358848572,0.044361650943756104,0.10954538732767105,0.03998997062444687,0.523622453212738,0.21576185524463654,0.10833962261676788,0.6553978323936462,
28,1,0,IN,0.8,GL_RAND64,0.004257112741470337,0.048647522926330566,0.04439041018486023,0.13212303817272186,0.08378535509109497,1.4459954500198364,0.2337159514427185,0.13533177971839905,1.5736290216445923,70.0
29,1,0,OUT,0.1,OP,-0.07546161860227585,-0.07249020785093307,-0.0029714107513427734,0.0603330135345459,0.17723803222179413,0.0,0.0,0.0,0.0,
29,1,0,OUT,0.1,GL_ORIG64,-0.08443913608789444,-0.08089989423751831,-0.003539241850376129,0.044984035193920135,0.04245776683092117,0.4458790421485901,0.1725575178861618,0.05264740809798241,0.5998140573501587,
29,1,0,OUT,0.1,GL_RAND64,-0.085573710501194,-0.08204828202724457,-0.0035254284739494324,0.06167013570666313,0.06320235133171082,1.4371145963668823,0.18765655159950256,0.06880439817905426,1.5726374387741089,71.0
29,1,0,OUT,0.2,OP,-0.07546161860227585,-0.07130870968103409,-0.00415290892124176,0.057389553636312485,0.17474053800106049,0.0,0.0,0.0,0.0,
29,1,0,OUT,0.2,GL_ORIG64,-0.08443913608789444,-0.07917772233486176,-0.005261413753032684,0.04020179063081741,0.037381574511528015,0.44265222549438477,0.17106907069683075,0.052064135670661926,0.6013204455375671,
29,1,0,OUT,0.2,GL_RAND64,-0.085573710501194,-0.08030320703983307,-0.005270503461360931,0.058433279395103455,0.0602407306432724,1.4369347095489502,0.18390631675720215,0.06845799088478088,1.5751272439956665,71.0
29,1,0,OUT,0.4,OP,-0.07546161860227585,-0.0651165097951889,-0.010345108807086945,0.05858996883034706,0.17211678624153137,0.0,0.0,0.0,0.0,
29,1,0,OUT,0.4,GL_ORIG64,-0.08443913608789444,-0.07182565331459045,-0.012613482773303986,0.042766593396663666,0.03727757930755615,0.4365618824958801,0.16817648708820343,0.050929851830005646,0.5938290953636169,
29,1,0,OUT,0.4,GL_RAND64,-0.085573710501194,-0.07303214073181152,-0.012541569769382477,0.05937778577208519,0.058744724839925766,1.4377771615982056,0.18020063638687134,0.0669143944978714,1.573835849761963,71.0
29,1,0,OUT,0.6,OP,-0.07546161860227585,-0.04596449434757233,-0.02949712425470352,0.06367413699626923,0.16943660378456116,0.0,0.0,0.0,0.0,
29,1,0,OUT,0.6,GL_ORIG64,-0.08443913608789444,-0.05030834674835205,-0.03413078933954239,0.0478578582406044,0.0396917387843132,0.42672988772392273,0.16438700258731842,0.0493418425321579,0.5916591286659241,
29,1,0,OUT,0.6,GL_RAND64,-0.085573710501194,-0.05148498713970184,-0.03408872336149216,0.06473909318447113,0.06247105076909065,1.43734872341156,0.17712180316448212,0.06743450462818146,1.5730468034744263,71.0
29,1,0,OUT,0.8,OP,-0.07546161860227585,-0.0049362629652023315,-0.07052535563707352,0.09492018073797226,0.1799074113368988,0.0,0.0,0.0,0.0,
29,1,0,OUT,0.8,GL_ORIG64,-0.08443913608789444,-0.006573617458343506,-0.07786551862955093,0.08515738695859909,0.046747613698244095,0.43840712308883667,0.17360369861125946,0.05180579423904419,0.5836241841316223,
29,1,0,OUT,0.8,GL_RAND64,-0.085573710501194,-0.007334128022193909,-0.07823958247900009,0.09297757595777512,0.05711567401885986,1.4476864337921143,0.18166467547416687,0.06500761955976486,1.5743272304534912,71.0
29,1,0,IN,0.1,OP,-0.07546161860227585,0.046678513288497925,0.12214013189077377,0.26237544417381287,0.28226205706596375,0.0,0.0,0.0,0.0,
29,1,0,IN,0.1,GL_ORIG64,-0.08443913608789444,0.046088919043540955,0.1305280551314354,0.30091801285743713,0.0736641213297844,0.639339804649353,0.28507083654403687,0.10748468339443207,0.5961208939552307,
29,1,0,IN,0.1,GL_RAND64,-0.085573710501194,0.04607945680618286,0.13165316730737686,0.29972660541534424,0.05312458798289299,1.4250328540802002,0.29524844884872437,0.11505625396966934,1.5731043815612793,71.0
29,1,0,IN,0.2,OP,-0.07546161860227585,0.04652278125286102,0.12198439985513687,0.20395153760910034,0.27508804202079773,0.0,0.0,0.0,0.0,
29,1,0,IN,0.2,GL_ORIG64,-0.08443913608789444,0.04543334245681763,0.12987247854471207,0.2318924516439438,0.08932775259017944,0.6199842691421509,0.27160874009132385,0.0997311919927597,0.6005379557609558,
29,1,0,IN,0.2,GL_RAND64,-0.085573710501194,0.04540830850601196,0.13098201900720596,0.23241442441940308,0.0767093300819397,1.4321755170822144,0.29446274042129517,0.10373028367757797,1.573274850845337,71.0
29,1,0,IN,0.4,OP,-0.07546161860227585,0.04204373061656952,0.11750534921884537,0.17460376024246216,0.2591829001903534,0.0,0.0,0.0,0.0,
29,1,0,IN,0.4,GL_ORIG64,-0.08443913608789444,0.03968892991542816,0.1241280660033226,0.18826089799404144,0.07901468127965927,0.5963535904884338,0.25553640723228455,0.09492693841457367,0.5952065587043762,
29,1,0,IN,0.4,GL_RAND64,-0.085573710501194,0.03973604738712311,0.1253097578883171,0.19214966893196106,0.07865965366363525,1.431085228919983,0.27801835536956787,0.10422858595848083,1.574196696281433,71.0
29,1,0,IN,0.6,OP,-0.07546161860227585,0.025231048464775085,0.10069266706705093,0.15806891024112701,0.24635422229766846,0.0,0.0,0.0,0.0,
29,1,0,IN,0.6,GL_ORIG64,-0.08443913608789444,0.019797712564468384,0.10423684865236282,0.15621180832386017,0.07004090398550034,0.5820654630661011,0.24227473139762878,0.09634143859148026,0.601004958152771,
29,1,0,IN,0.6,GL_RAND64,-0.085573710501194,0.019812703132629395,0.1053864136338234,0.1588582843542099,0.06988527625799179,1.4354238510131836,0.26008379459381104,0.1022070050239563,1.5737180709838867,71.0
29,1,0,IN,0.8,OP,-0.07546161860227585,-0.016782477498054504,0.058679141104221344,0.12207693606615067,0.21554847061634064,0.0,0.0,0.0,0.0,
29,1,0,IN,0.8,GL_ORIG64,-0.08443913608789444,-0.025085702538490295,0.059353433549404144,0.11405711621046066,0.06731251627206802,0.524666428565979,0.2062699794769287,0.0787152349948883,0.5981731414794922,
29,1,0,IN,0.8,GL_RAND64,-0.085573710501194,-0.025390446186065674,0.060183264315128326,0.12204688787460327,0.08297231048345566,1.4265055656433105,0.22619731724262238,0.09232182800769806,1.573673129081726,71.0
30,0,0,OUT,0.1,OP,-0.01592983305454254,-0.015817537903785706,-0.00011229515075683594,0.11968991905450821,0.4706888496875763,0.0,0.0,0.0,0.0,
30,0,0,OUT,0.1,GL_ORIG64,-0.02048090100288391,-0.020284980535507202,-0.00019592046737670898,0.08000633120536804,0.17805233597755432,0.9024626016616821,0.4431278705596924,0.1284468173980713,0.7336416840553284,
30,0,0,OUT,0.1,GL_RAND64,-0.02151377499103546,-0.02130180597305298,-0.0002119690179824829,0.08777454495429993,0.19063474237918854,1.6006766557693481,0.4470904469490051,0.1353074014186859,1.5774599313735962,72.0
30,0,0,OUT,0.2,OP,-0.01592983305454254,-0.015755698084831238,-0.0001741349697113037,0.11975028365850449,0.47087493538856506,0.0,0.0,0.0,0.0,
30,0,0,OUT,0.2,GL_ORIG64,-0.02048090100288391,-0.020104169845581055,-0.00037673115730285645,0.08006953448057175,0.17813563346862793,0.9027839303016663,0.44331082701683044,0.1284884661436081,0.7560553550720215,
30,0,0,OUT,0.2,GL_RAND64,-0.02151377499103546,-0.021121367812156677,-0.0003924071788787842,0.0878337025642395,0.1907234489917755,1.6008495092391968,0.4472719728946686,0.13534963130950928,1.5780850648880005,72.0
30,0,0,OUT,0.4,OP,-0.01592983305454254,-0.016122594475746155,0.00019276142120361328,0.12041083723306656,0.4710972011089325,0.0,0.0,0.0,0.0,
30,0,0,OUT,0.4,GL_ORIG64,-0.02048090100288391,-0.020398393273353577,-8.250772953033447e-05,0.08102166652679443,0.17823906242847443,0.9031825065612793,0.44352859258651733,0.12855541706085205,0.8092880249023438,
30,0,0,OUT,0.4,GL_RAND64,-0.02151377499103546,-0.021421536803245544,-9.223818778991699e-05,0.08871093392372131,0.19083426892757416,1.6010218858718872,0.4474872350692749,0.13541467487812042,1.5772745609283447,72.0
30,0,0,OUT,0.6,OP,-0.01592983305454254,-0.016143247485160828,0.00021341443061828613,0.12052542716264725,0.47156649827957153,0.0,0.0,0.0,0.0,
30,0,0,OUT,0.6,GL_ORIG64,-0.02048090100288391,-0.020195305347442627,-0.0002855956554412842,0.08112399280071259,0.17844662070274353,0.9040164947509766,0.44398608803749084,0.1286698877811432,0.7421152591705322,
30,0,0,OUT,0.6,GL_RAND64,-0.02151377499103546,-0.021223977208137512,-0.0002897977828979492,0.08880344033241272,0.19104893505573273,1.6014693975448608,0.44793787598609924,0.1355268359184265,1.575087308883667,72.0
30,0,0,OUT,0.8,OP,-0.01592983305454254,-0.009632095694541931,-0.00629773736000061,0.12411932647228241,0.4743342399597168,0.0,0.0,0.0,0.0,
30,0,0,OUT,0.8,GL_ORIG64,-0.02048090100288391,-0.012894481420516968,-0.007586419582366943,0.08441219478845596,0.17967338860034943,0.9100322127342224,0.44679105281829834,0.13062645494937897,0.7393951416015625,
30,0,0,OUT,0.8,GL_RAND64,-0.02151377499103546,-0.013901352882385254,-0.0076124221086502075,0.09196639060974121,0.19230064749717712,1.6043775081634521,0.45074182748794556,0.13758039474487305,1.5770407915115356,72.0
30,0,0,IN,0.1,OP,-0.01592983305454254,0.048111096024513245,0.06404092907905579,0.18459860980510712,0.26659631729125977,0.0,0.0,0.0,0.0,
30,0,0,IN,0.1,GL_ORIG64,-0.02048090100288391,0.047884583473205566,0.06836548447608948,0.10378380119800568,0.08270741254091263,0.5792050957679749,0.2537875175476074,0.1611803025007248,0.7174931168556213,
30,0,0,IN,0.1,GL_RAND64,-0.02151377499103546,0.04788301885128021,0.06939679384231567,0.09888628125190735,0.08001459389925003,1.4367997646331787,0.26263952255249023,0.16802038252353668,1.5817981958389282,72.0
30,0,0,IN,0.2,OP,-0.01592983305454254,0.049199268221855164,0.0651291012763977,0.15664370357990265,0.24581429362297058,0.0,0.0,0.0,0.0,
30,0,0,IN,0.2,GL_ORIG64,-0.02048090100288391,0.048922255635261536,0.06940315663814545,0.10025836527347565,0.07156550884246826,0.5617201924324036,0.23562970757484436,0.12773513793945312,0.7907891273498535,
30,0,0,IN,0.2,GL_RAND64,-0.02151377499103546,0.04891471564769745,0.07042849063873291,0.1000761091709137,0.0706954374909401,1.4305931329727173,0.24440911412239075,0.13363909721374512,1.5776737928390503,72.0
30,0,0,IN,0.4,OP,-0.01592983305454254,0.04970481991767883,0.06563465297222137,0.15763041377067566,0.23200483620166779,0.0,0.0,0.0,0.0,
30,0,0,IN,0.4,GL_ORIG64,-0.02048090100288391,0.049349069595336914,0.06982997059822083,0.11949866265058517,0.06846150755882263,0.549876868724823,0.221540629863739,0.10891024023294449,0.7593115568161011,
30,0,0,IN,0.4,GL_RAND64,-0.02151377499103546,0.0493382066488266,0.07085198163986206,0.11941328644752502,0.06802945584058762,1.4376881122589111,0.22966095805168152,0.11387001723051071,1.5792711973190308,72.0
30,0,0,IN,0.6,OP,-0.01592983305454254,0.04956834018230438,0.06549817323684692,0.12986022233963013,0.21973058581352234,0.0,0.0,0.0,0.0,
30,0,0,IN,0.6,GL_ORIG64,-0.02048090100288391,0.048959389328956604,0.06944029033184052,0.09188157320022583,0.05924341827630997,0.5339076519012451,0.212086021900177,0.09672233462333679,0.718651294708252,
30,0,0,IN,0.6,GL_RAND64,-0.02151377499103546,0.04896099865436554,0.070474773645401,0.0951320081949234,0.06309229135513306,1.4323508739471436,0.2216399610042572,0.10451031476259232,1.5764548778533936,72.0
30,0,0,IN,0.8,OP,-0.01592983305454254,0.04440587759017944,0.060335710644721985,0.1636686623096466,0.18764488399028778,0.0,0.0,0.0,0.0,
30,0,0,IN,0.8,GL_ORIG64,-0.02048090100288391,0.04313047230243683,0.06361137330532074,0.14025641977787018,0.0703718513250351,0.46256282925605774,0.168223574757576,0.07316327095031738,0.7104407548904419,
30,0,0,IN,0.8,GL_RAND64,-0.02151377499103546,0.04309654235839844,0.0646103173494339,0.14130434393882751,0.07292405515909195,1.403785228729248,0.1780647188425064,0.07941920310258865,1.5785622596740723,72.0
31,1,0,OUT,0.1,OP,0.04796735942363739,0.047611430287361145,0.0003559291362762451,0.13898664712905884,0.13145244121551514,0.0,0.0,0.0,0.0,
31,1,0,OUT,0.1,GL_ORIG64,0.04784296452999115,0.04757325351238251,0.0002697110176086426,0.13241206109523773,0.04010724648833275,0.3302706480026245,0.12228257209062576,0.056831780821084976,0.630070686340332,
31,1,0,OUT,0.1,GL_RAND64,0.04782915115356445,0.04755644500255585,0.00027270615100860596,0.132704496383667,0.05851224809885025,1.3282504081726074,0.13567690551280975,0.05910172313451767,1.5706928968429565,73.0
31,1,0,OUT,0.2,OP,0.04796735942363739,0.04730860888957977,0.0006587505340576172,0.13263772428035736,0.11647984385490417,0.0,0.0,0.0,0.0,
31,1,0,OUT,0.2,GL_ORIG64,0.04784296452999115,0.04728129506111145,0.0005616694688796997,0.12618900835514069,0.037570323795080185,0.28867432475090027,0.10752882808446884,0.05227762460708618,0.6322152018547058,
31,1,0,OUT,0.2,GL_RAND64,0.04782915115356445,0.047269389033317566,0.0005597621202468872,0.12622424960136414,0.058767374604940414,1.2980114221572876,0.12226235866546631,0.05487044155597687,1.5715866088867188,73.0
31,1,0,OUT,0.4,OP,0.04796735942363739,0.04721955955028534,0.0007477998733520508,0.022234072908759117,0.08558004349470139,0.0,0.0,0.0,0.0,
31,1,0,OUT,0.4,GL_ORIG64,0.04784296452999115,0.047204360365867615,0.0006386041641235352,0.016185104846954346,0.031821999698877335,0.2252715528011322,0.0766216367483139,0.018564976751804352,0.6736270189285278,
31,1,0,OUT,0.4,GL_RAND64,0.04782915115356445,0.04719668626785278,0.0006324648857116699,0.023068560287356377,0.05686243250966072,1.2720698118209839,0.09444540739059448,0.025145400315523148,1.5719425678253174,73.0
31,1,0,OUT,0.6,OP,0.04796735942363739,0.04709382355213165,0.0008735358715057373,0.02141425386071205,0.07776199281215668,0.0,0.0,0.0,0.0,
31,1,0,OUT,0.6,GL_ORIG64,0.04784296452999115,0.04708865284919739,0.0007543116807937622,0.015651701018214226,0.024510584771633148,0.18622110784053802,0.07182607054710388,0.017662014812231064,0.6825962662696838,
31,1,0,OUT,0.6,GL_RAND64,0.04782915115356445,0.047084301710128784,0.0007448494434356689,0.022403797134757042,0.054227348417043686,1.2469013929367065,0.08862980455160141,0.02412704937160015,1.572347640991211,73.0
31,1,0,OUT,0.8,OP,0.04796735942363739,0.047026559710502625,0.0009407997131347656,0.021072324365377426,0.06569572538137436,0.0,0.0,0.0,0.0,
31,1,0,OUT,0.8,GL_ORIG64,0.04784296452999115,0.04702329635620117,0.000819668173789978,0.015499787405133247,0.018055852502584457,0.14809338748455048,0.06198333203792572,0.01738855056464672,0.6485723257064819,
31,1,0,OUT,0.8,GL_RAND64,0.04782915115356445,0.047020524740219116,0.0008086264133453369,0.02223041094839573,0.05214625969529152,1.233649492263794,0.07999294996261597,0.023839080706238747,1.5691255331039429,73.0
31,1,0,IN,0.1,OP,0.04796735942363739,0.048089176416397095,0.00012181699275970459,0.33275306224823,0.30480119585990906,0.0,0.0,0.0,0.0,
31,1,0,IN,0.1,GL_ORIG64,0.04784296452999115,0.04801665246486664,0.00017368793487548828,0.3462387025356293,0.05877137929201126,0.6263952851295471,0.31838762760162354,0.1982414573431015,0.6341939568519592,
31,1,0,IN,0.1,GL_RAND64,0.04782915115356445,0.04801730811595917,0.00018815696239471436,0.34625086188316345,0.05782362073659897,1.5186986923217773,0.3240725100040436,0.1987168788909912,1.5706719160079956,73.0
31,1,0,IN,0.2,OP,0.04796735942363739,0.04822660982608795,0.0002592504024505615,0.2652199864387512,0.26720717549324036,0.0,0.0,0.0,0.0,
31,1,0,IN,0.2,GL_ORIG64,0.04784296452999115,0.048119962215423584,0.0002769976854324341,0.28084230422973633,0.05855274945497513,0.5596924424171448,0.27130576968193054,0.16543520987033844,0.6375695466995239,
31,1,0,IN,0.2,GL_RAND64,0.04782915115356445,0.048115670680999756,0.00028651952743530273,0.2811981439590454,0.055874165147542953,1.5042736530303955,0.2782960832118988,0.16607022285461426,1.5707305669784546,73.0
31,1,0,IN,0.4,OP,0.04796735942363739,0.04827342927455902,0.00030606985092163086,0.19755347073078156,0.2548998296260834,0.0,0.0,0.0,0.0,
31,1,0,IN,0.4,GL_ORIG64,0.04784296452999115,0.048167288303375244,0.00032432377338409424,0.2268381267786026,0.05703281983733177,0.5437334179878235,0.25689002871513367,0.14055408537387848,0.6823621392250061,
31,1,0,IN,0.4,GL_RAND64,0.04782915115356445,0.04815949499607086,0.0003303438425064087,0.22665812075138092,0.05814538896083832,1.4941303730010986,0.26403340697288513,0.14115643501281738,1.5712890625,73.0
31,1,0,IN,0.6,OP,0.04796735942363739,0.04840214550495148,0.0004347860813140869,0.19641804695129395,0.2426123023033142,0.0,0.0,0.0,0.0,
31,1,0,IN,0.6,GL_ORIG64,0.04784296452999115,0.04828806221485138,0.0004450976848602295,0.2254120409488678,0.05961472541093826,0.525286853313446,0.24123185873031616,0.13974860310554504,0.6921306848526001,
31,1,0,IN,0.6,GL_RAND64,0.04782915115356445,0.0482783317565918,0.00044918060302734375,0.22528637945652008,0.061537668108940125,1.487046480178833,0.24958208203315735,0.14049400389194489,1.5721173286437988,73.0
31,1,0,IN,0.8,OP,0.04796735942363739,0.04843282699584961,0.00046546757221221924,0.19620463252067566,0.23815970122814178,0.0,0.0,0.0,0.0,
31,1,0,IN,0.8,GL_ORIG64,0.04784296452999115,0.048313871026039124,0.00047090649604797363,0.22515028715133667,0.05507279932498932,0.5231354236602783,0.2371288239955902,0.1396297961473465,0.6507381200790405,
31,1,0,IN,0.8,GL_RAND64,0.04782915115356445,0.04830208420753479,0.0004729330539703369,0.22508828341960907,0.05893486738204956,1.484967827796936,0.24541154503822327,0.14042633771896362,1.5712769031524658,73.0
32,0,1,OUT,0.1,OP,0.2977532148361206,0.21882669627666473,0.07892651855945587,0.07872853428125381,0.1946580857038498,0.0,0.0,0.0,0.0,
32,0,1,OUT,0.1,GL_ORIG64,0.31614869832992554,0.2341025024652481,0.08204619586467743,0.059847984462976456,0.04625475034117699,0.5001053214073181,0.18865884840488434,0.06218278035521507,0.5973264575004578,
32,0,1,OUT,0.1,GL_RAND64,0.3175086975097656,0.2355845719575882,0.08192412555217743,0.06297294050455093,0.05371318757534027,1.438936471939087,0.19790442287921906,0.0658905953168869,1.5725996494293213,74.0
32,0,1,OUT,0.2,OP,0.2977532148361206,0.1503439098596573,0.14740930497646332,0.09749263525009155,0.20094004273414612,0.0,0.0,0.0,0.0,
32,0,1,OUT,0.2,GL_ORIG64,0.31614869832992554,0.16329340636730194,0.1528552919626236,0.07652075588703156,0.056044723838567734,0.5071530938148499,0.1923246830701828,0.06617971509695053,0.6164324283599854,
32,0,1,OUT,0.2,GL_RAND64,0.3175086975097656,0.1646559089422226,0.15285278856754303,0.07929273694753647,0.06222184747457504,1.4428694248199463,0.20131915807724,0.07004383206367493,1.5740855932235718,74.0
32,0,1,OUT,0.4,OP,0.2977532148361206,0.0206143781542778,0.2771388366818428,0.11612619459629059,0.2156277447938919,0.0,0.0,0.0,0.0,
32,0,1,OUT,0.4,GL_ORIG64,0.31614869832992554,0.029573053121566772,0.28657564520835876,0.08873534947633743,0.07592901587486267,0.5264687538146973,0.20006415247917175,0.07424367964267731,0.6220108866691589,
32,0,1,OUT,0.4,GL_RAND64,0.3175086975097656,0.03067130595445633,0.2868373915553093,0.09032563120126724,0.07927942276000977,1.443530797958374,0.20852258801460266,0.07838109880685806,1.5746331214904785,74.0
32,0,1,OUT,0.6,OP,0.2977532148361206,-0.07805539667606354,0.37580861151218414,0.13937757909297943,0.216354638338089,0.0,0.0,0.0,0.0,
32,0,1,OUT,0.6,GL_ORIG64,0.31614869832992554,-0.07242867350578308,0.3885773718357086,0.1091894805431366,0.09531054645776749,0.5149267911911011,0.18815955519676208,0.08276752382516861,0.6296412348747253,
32,0,1,OUT,0.6,GL_RAND64,0.3175086975097656,-0.07133778929710388,0.3888464868068695,0.11110109090805054,0.09873823076486588,1.453074336051941,0.1977931559085846,0.08850868791341782,1.5740761756896973,74.0
32,0,1,OUT,0.8,OP,0.2977532148361206,-0.16055884957313538,0.458312064409256,0.14881154894828796,0.21692919731140137,0.0,0.0,0.0,0.0,
32,0,1,OUT,0.8,GL_ORIG64,0.31614869832992554,-0.1581917405128479,0.47434043884277344,0.11236519366502762,0.11204370856285095,0.5160489678382874,0.17441344261169434,0.0882173478603363,0.59418123960495,
32,0,1,OUT,0.8,GL_RAND64,0.3175086975097656,-0.1575137823820114,0.47502247989177704,0.11415157467126846,0.11418412625789642,1.4701792001724243,0.1863195151090622,0.09615714848041534,1.5754972696304321,74.0
32,0,1,IN,0.1,OP,0.2977532148361206,-0.1460932493209839,-0.4438464641571045,0.1621902585029602,0.21532532572746277,0.0,0.0,0.0,0.0,
32,0,1,IN,0.1,GL_ORIG64,0.31614869832992554,-0.14168715476989746,-0.457835853099823,0.17173069715499878,0.06821712851524353,0.5236598253250122,0.19886237382888794,0.08232603967189789,0.5819928646087646,
32,0,1,IN,0.1,GL_RAND64,0.3175086975097656,-0.14154507219791412,-0.45905376970767975,0.1719854176044464,0.07087446749210358,1.4057484865188599,0.20671379566192627,0.0844709500670433,1.5751575231552124,74.0
32,0,1,IN,0.2,OP,0.2977532148361206,-0.07795288413763046,-0.37570609897375107,0.1520734429359436,0.21455751359462738,0.0,0.0,0.0,0.0,
32,0,1,IN,0.2,GL_ORIG64,0.31614869832992554,-0.07103857398033142,-0.38718727231025696,0.1518884152173996,0.06953506171703339,0.5264559388160706,0.1976979374885559,0.08049137890338898,0.6157433986663818,
32,0,1,IN,0.2,GL_RAND64,0.3175086975097656,-0.0708114355802536,-0.3883201330900192,0.15206332504749298,0.0728359967470169,1.4129210710525513,0.2058505266904831,0.08300717175006866,1.5736234188079834,74.0
32,0,1,IN,0.4,OP,0.2977532148361206,0.04722432792186737,-0.25052888691425323,0.1272546499967575,0.21099036931991577,0.0,0.0,0.0,0.0,
32,0,1,IN,0.4,GL_ORIG64,0.31614869832992554,0.05922660231590271,-0.2569220960140228,0.122235968708992,0.06820793449878693,0.5258148908615112,0.19520318508148193,0.07510603219270706,0.6449758410453796,
32,0,1,IN,0.4,GL_RAND64,0.3175086975097656,0.059502363204956055,-0.25800633430480957,0.12305573374032974,0.0721053034067154,1.4204026460647583,0.20419850945472717,0.0776175856590271,1.5731956958770752,74.0
32,0,1,IN,0.6,OP,0.2977532148361206,0.1485646516084671,-0.1491885632276535,0.11726465076208115,0.21228347718715668,0.0,0.0,0.0,0.0,
32,0,1,IN,0.6,GL_ORIG64,0.31614869832992554,0.1639905571937561,-0.15215814113616943,0.11060155183076859,0.06479238718748093,0.5302304029464722,0.19909466803073883,0.07171318680047989,0.6746529340744019,
32,0,1,IN,0.6,GL_RAND64,0.3175086975097656,0.16429071128368378,-0.15321798622608185,0.11150149255990982,0.06858101487159729,1.4217784404754639,0.20771801471710205,0.0738624781370163,1.573824405670166,74.0
32,0,1,IN,0.8,OP,0.2977532148361206,0.23346717655658722,-0.06428603827953339,0.09212898463010788,0.20626170933246613,0.0,0.0,0.0,0.0,
32,0,1,IN,0.8,GL_ORIG64,0.31614869832992554,0.2507304549217224,-0.06541824340820312,0.08389859646558762,0.057439301162958145,0.5184740424156189,0.19587039947509766,0.06712771952152252,0.6387500762939453,
32,0,1,IN,0.8,GL_RAND64,0.3175086975097656,0.2514267563819885,-0.0660819411277771,0.08511734008789062,0.0614318810403347,1.4237219095230103,0.20398148894309998,0.06952717900276184,1.5717833042144775,74.0
33,1,0,OUT,0.1,OP,-0.010796934366226196,-0.01094953715801239,0.00015260279178619385,0.02319204993546009,0.04554671049118042,0.0,0.0,0.0,0.0,
33,1,0,OUT,0.1,GL_ORIG64,-0.012043207883834839,-0.012089058756828308,4.585087299346924e-05,0.022148167714476585,0.01791275106370449,0.1251097172498703,0.03944558650255203,0.022202668711543083,0.6247270703315735,
33,1,0,OUT,0.1,GL_RAND64,-0.013140544295310974,-0.013192147016525269,5.1602721214294434e-05,0.04896989092230797,0.05401495471596718,1.2618738412857056,0.06772249191999435,0.049036793410778046,1.5733548402786255,75.0
33,1,0,OUT,0.2,OP,-0.010796934366226196,-0.010254591703414917,-0.0005423426628112793,0.029477741569280624,0.04564401134848595,0.0,0.0,0.0,0.0,
33,1,0,OUT,0.2,GL_ORIG64,-0.012043207883834839,-0.011115267872810364,-0.0009279400110244751,0.026652956381440163,0.02086608111858368,0.12521427869796753,0.03771989047527313,0.021729981526732445,0.6381979584693909,
33,1,0,OUT,0.2,GL_RAND64,-0.013140544295310974,-0.01215440034866333,-0.000986143946647644,0.050857093185186386,0.05449339747428894,1.261267066001892,0.06665807962417603,0.04905408248305321,1.5725059509277344,75.0
33,1,0,OUT,0.4,OP,-0.010796934366226196,-0.010609433054924011,-0.00018750131130218506,0.030516089871525764,0.0443904846906662,0.0,0.0,0.0,0.0,
33,1,0,OUT,0.4,GL_ORIG64,-0.012043207883834839,-0.01139463484287262,-0.0006485730409622192,0.027854163199663162,0.020848210901021957,0.12243065983057022,0.036241669207811356,0.021565301343798637,0.6576480269432068,
33,1,0,OUT,0.4,GL_RAND64,-0.013140544295310974,-0.012431949377059937,-0.0007085949182510376,0.05153822526335716,0.05455564334988594,1.2608461380004883,0.06583420187234879,0.049026500433683395,1.573059320449829,75.0
33,1,0,OUT,0.6,OP,-0.010796934366226196,-0.01071813702583313,-7.87973403930664e-05,0.029785290360450745,0.04312220215797424,0.0,0.0,0.0,0.0,
33,1,0,OUT,0.6,GL_ORIG64,-0.012043207883834839,-0.011347636580467224,-0.0006955713033676147,0.02674143947660923,0.021020540967583656,0.11968313157558441,0.034551918506622314,0.021328775212168694,0.6629013419151306,
33,1,0,OUT,0.6,GL_RAND64,-0.013140544295310974,-0.012381225824356079,-0.000759318470954895,0.05111173912882805,0.054731618613004684,1.2598607540130615,0.06493350863456726,0.04903038591146469,1.5729148387908936,75.0
33,1,0,OUT,0.8,OP,-0.010796934366226196,-0.01127701997756958,0.0004800856113433838,0.028624901548027992,0.0411967970430851,0.0,0.0,0.0,0.0,
33,1,0,OUT,0.8,GL_ORIG64,-0.012043207883834839,-0.011825203895568848,-0.0002180039882659912,0.025812838226556778,0.020349007099866867,0.11602870374917984,0.03272601589560509,0.020708246156573296,0.6043626666069031,
33,1,0,OUT,0.8,GL_RAND64,-0.013140544295310974,-0.012822717428207397,-0.00031782686710357666,0.05069233849644661,0.054580748081207275,1.2587758302688599,0.06396280974149704,0.04881751537322998,1.572020411491394,75.0
33,1,0,IN,0.1,OP,-0.010796934366226196,0.04849560558795929,0.059292539954185486,0.17322629690170288,0.21151043474674225,0.0,0.0,0.0,0.0,
33,1,0,IN,0.1,GL_ORIG64,-0.012043207883834839,0.0483485609292984,0.06039176881313324,0.09760069847106934,0.07823535799980164,0.5389739871025085,0.19374820590019226,0.1408083587884903,0.6324830651283264,
33,1,0,IN,0.1,GL_RAND64,-0.013140544295310974,0.04833365976810455,0.06147420406341553,0.09989232569932938,0.07942505180835724,1.4239368438720703,0.20232132077217102,0.1424982100725174,1.5741344690322876,75.0
33,1,0,IN,0.2,OP,-0.010796934366226196,0.049060702323913574,0.05985763669013977,0.22376465797424316,0.235890731215477,0.0,0.0,0.0,0.0,
33,1,0,IN,0.2,GL_ORIG64,-0.012043207883834839,0.04863075911998749,0.06067396700382233,0.14762118458747864,0.08586816489696503,0.573543906211853,0.21356555819511414,0.17965634167194366,0.6479495763778687,
33,1,0,IN,0.2,GL_RAND64,-0.013140544295310974,0.048591986298561096,0.06173253059387207,0.14907826483249664,0.08927717059850693,1.4466344118118286,0.22177782654762268,0.1815570741891861,1.5730787515640259,75.0
33,1,0,IN,0.4,OP,-0.010796934366226196,0.049692437052726746,0.06048937141895294,0.21124282479286194,0.23070265352725983,0.0,0.0,0.0,0.0,
33,1,0,IN,0.4,GL_ORIG64,-0.012043207883834839,0.049213215708732605,0.061256423592567444,0.14044247567653656,0.07683789730072021,0.5668409466743469,0.21332642436027527,0.16686710715293884,0.668919026851654,
33,1,0,IN,0.4,GL_RAND64,-0.013140544295310974,0.04917387664318085,0.06231442093849182,0.14133255183696747,0.08034545183181763,1.4353997707366943,0.22119536995887756,0.16878314316272736,1.573032021522522,75.0
33,1,0,IN,0.6,OP,-0.010796934366226196,0.05024684965610504,0.06104378402233124,0.18236787617206573,0.2192336916923523,0.0,0.0,0.0,0.0,
33,1,0,IN,0.6,GL_ORIG64,-0.012043207883834839,0.04966701567173004,0.06171022355556488,0.1302420198917389,0.07014524936676025,0.5356658101081848,0.20426206290721893,0.13693183660507202,0.6719777584075928,
33,1,0,IN,0.6,GL_RAND64,-0.013140544295310974,0.04962281882762909,0.06276336312294006,0.1310361921787262,0.07365752756595612,1.4483554363250732,0.21197521686553955,0.13866519927978516,1.5742874145507812,75.0
33,1,0,IN,0.8,OP,-0.010796934366226196,0.04993186891078949,0.060728803277015686,0.1406310349702835,0.19778919219970703,0.0,0.0,0.0,0.0,
33,1,0,IN,0.8,GL_ORIG64,-0.012043207883834839,0.049191609025001526,0.061234816908836365,0.09869939088821411,0.05967995151877403,0.4937606751918793,0.18503887951374054,0.10925751179456711,0.6137086153030396,
33,1,0,IN,0.8,GL_RAND64,-0.013140544295310974,0.04912714660167694,0.062267690896987915,0.10107501596212387,0.06504455208778381,1.4425963163375854,0.19323551654815674,0.11313457787036896,1.5725297927856445,75.0
34,1,0,OUT,0.1,OP,0.02059854567050934,0.01987108588218689,0.0007274597883224487,0.10204919427633286,0.23347412049770355,0.0,0.0,0.0,0.0,
34,1,0,OUT,0.1,GL_ORIG64,0.01752990484237671,0.01685386896133423,0.0006760358810424805,0.10692077875137329,0.03578123077750206,0.4844161570072174,0.23847439885139465,0.07797472923994064,0.7334086298942566,
34,1,0,OUT,0.1,GL_RAND64,0.017416775226593018,0.016750097274780273,0.0006666779518127441,0.10769223421812057,0.043297283351421356,1.4197845458984375,0.24436379969120026,0.07918445020914078,1.579879641532898,76.0
34,1,0,OUT,0.2,OP,0.02059854567050934,0.019354984164237976,0.0012435615062713623,0.10246764868497849,0.23354323208332062,0.0,0.0,0.0,0.0,
34,1,0,OUT,0.2,GL_ORIG64,0.01752990484237671,0.016419008374214172,0.0011108964681625366,0.10735941678285599,0.03579375520348549,0.48438140749931335,0.2385532706975937,0.07794249802827835,0.7495415210723877,
34,1,0,OUT,0.2,GL_RAND64,0.017416775226593018,0.01631578803062439,0.001100987195968628,0.10813691467046738,0.043323371559381485,1.4197523593902588,0.244441956281662,0.07915837317705154,1.5780059099197388,76.0
34,1,0,OUT,0.4,OP,0.02059854567050934,0.017810165882110596,0.0027883797883987427,0.1025223359465599,0.23414134979248047,0.0,0.0,0.0,0.0,
34,1,0,OUT,0.4,GL_ORIG64,0.01752990484237671,0.015309169888496399,0.00222073495388031,0.106486976146698,0.03385255113244057,0.48417890071868896,0.23971223831176758,0.07809048891067505,0.7539879679679871,
34,1,0,OUT,0.4,GL_RAND64,0.017416775226593018,0.015309035778045654,0.0021077394485473633,0.10670716315507889,0.04087662696838379,1.4166526794433594,0.2453174740076065,0.07859492301940918,1.577870488166809,76.0
34,1,0,OUT,0.6,OP,0.02059854567050934,0.017348885536193848,0.0032496601343154907,0.10356072336435318,0.23409658670425415,0.0,0.0,0.0,0.0,
34,1,0,OUT,0.6,GL_ORIG64,0.01752990484237671,0.014931201934814453,0.002598702907562256,0.10790794342756271,0.03388555347919464,0.4839545786380768,0.23965303599834442,0.07794129848480225,0.7527498602867126,
34,1,0,OUT,0.6,GL_RAND64,0.017416775226593018,0.014934733510017395,0.0024820417165756226,0.10813871771097183,0.04092678800225258,1.416490077972412,0.24525685608386993,0.07843948900699615,1.5770270824432373,76.0
34,1,0,OUT,0.8,OP,0.02059854567050934,0.01743704080581665,0.003161504864692688,0.10463576018810272,0.23412279784679413,0.0,0.0,0.0,0.0,
34,1,0,OUT,0.8,GL_ORIG64,0.01752990484237671,0.01512463390827179,0.0024052709341049194,0.10932181030511856,0.03383568301796913,0.4837699234485626,0.2397078275680542,0.07783563435077667,0.7318854928016663,
34,1,0,OUT,0.8,GL_RAND64,0.017416775226593018,0.015135377645492554,0.002281397581100464,0.1094881221652031,0.040852952748537064,1.4161733388900757,0.24527356028556824,0.0782679095864296,1.577431321144104,76.0
34,1,0,IN,0.1,OP,0.02059854567050934,0.04891575872898102,0.02831721305847168,0.21885809302330017,0.2721540331840515,0.0,0.0,0.0,0.0,
34,1,0,IN,0.1,GL_ORIG64,0.01752990484237671,0.04892989993095398,0.03139999508857727,0.14397107064723969,0.0852266326546669,0.5800309777259827,0.26130399107933044,0.16732224822044373,0.7203658223152161,
34,1,0,IN,0.1,GL_RAND64,0.017416775226593018,0.04892735183238983,0.031510576605796814,0.14942075312137604,0.09466511011123657,1.4679187536239624,0.27076786756515503,0.16804997622966766,1.5786488056182861,76.0
34,1,0,IN,0.2,OP,0.02059854567050934,0.049735695123672485,0.029137149453163147,0.20628781616687775,0.2556907534599304,0.0,0.0,0.0,0.0,
34,1,0,IN,0.2,GL_ORIG64,0.01752990484237671,0.04968647658824921,0.0321565717458725,0.15464407205581665,0.07100847363471985,0.5560325384140015,0.24915499985218048,0.16636694967746735,0.7444382309913635,
34,1,0,IN,0.2,GL_RAND64,0.017416775226593018,0.04968346655368805,0.03226669132709503,0.15720614790916443,0.07806243747472763,1.452661395072937,0.25707605481147766,0.16716089844703674,1.5796581506729126,76.0
34,1,0,IN,0.4,OP,0.02059854567050934,0.051126912236213684,0.030528366565704346,0.08655162900686264,0.20153246819972992,0.0,0.0,0.0,0.0,
34,1,0,IN,0.4,GL_ORIG64,0.01752990484237671,0.050589486956596375,0.033059582114219666,0.11238469928503036,0.08163577318191528,0.49449622631073,0.1799747496843338,0.0776362270116806,0.7435047626495361,
34,1,0,IN,0.4,GL_RAND64,0.017416775226593018,0.05048222839832306,0.03306545317173004,0.1250227838754654,0.10248324275016785,1.550939679145813,0.20243707299232483,0.09392277896404266,1.580652117729187,76.0
34,1,0,IN,0.6,OP,0.02059854567050934,0.0518469363451004,0.031248390674591064,0.09763702750205994,0.21016399562358856,0.0,0.0,0.0,0.0,
34,1,0,IN,0.6,GL_ORIG64,0.01752990484237671,0.05122765898704529,0.03369775414466858,0.12196454405784607,0.07742804288864136,0.5062367916107178,0.19312714040279388,0.0827382281422615,0.7432191967964172,
34,1,0,IN,0.6,GL_RAND64,0.017416775226593018,0.05112014710903168,0.03370337188243866,0.13246019184589386,0.0963190495967865,1.5357110500335693,0.2122669667005539,0.09676671028137207,1.5802340507507324,76.0
34,1,0,IN,0.8,OP,0.02059854567050934,0.05252744257450104,0.0319288969039917,0.12084180116653442,0.21331378817558289,0.0,0.0,0.0,0.0,
34,1,0,IN,0.8,GL_ORIG64,0.01752990484237671,0.05174930393695831,0.034219399094581604,0.14747947454452515,0.07386870682239532,0.5074387192726135,0.1989617794752121,0.08836062997579575,0.7160743474960327,
34,1,0,IN,0.8,GL_RAND64,0.017416775226593018,0.05163802206516266,0.03422124683856964,0.15542647242546082,0.09152762591838837,1.5284440517425537,0.21601040661334991,0.10039310157299042,1.5788140296936035,76.0
35,1,1,OUT,0.1,OP,0.25710636377334595,0.1542295515537262,0.10287681221961975,0.09104684740304947,0.13968196511268616,0.0,0.0,0.0,0.0,
35,1,1,OUT,0.1,GL_ORIG64,0.2699018120765686,0.16708534955978394,0.10281646251678467,0.07931279391050339,0.050004083663225174,0.3782799541950226,0.1254398226737976,0.05227920785546303,0.5992790460586548,
35,1,1,OUT,0.1,GL_RAND64,0.2728779911994934,0.16863907873630524,0.10423891246318817,0.08457521349191666,0.06468342244625092,1.4271337985992432,0.14044189453125,0.05952496454119682,1.5691978931427002,77.0
35,1,1,OUT,0.2,OP,0.25710636377334595,0.05663539469242096,0.200470969080925,0.11121711879968643,0.15542353689670563,0.0,0.0,0.0,0.0,
35,1,1,OUT,0.2,GL_ORIG64,0.2699018120765686,0.0694962590932846,0.200405552983284,0.10017411410808563,0.05284685641527176,0.41004595160484314,0.1419401466846466,0.05857521668076515,0.6076877117156982,
35,1,1,OUT,0.2,GL_RAND64,0.2728779911994934,0.07009612023830414,0.20278187096118927,0.10250895470380783,0.06669352203607559,1.421507716178894,0.15589487552642822,0.06469525396823883,1.5701119899749756,77.0
35,1,1,OUT,0.4,OP,0.25710636377334595,-0.1088695153594017,0.36597587913274765,0.1431695818901062,0.21992680430412292,0.0,0.0,0.0,0.0,
35,1,1,OUT,0.4,GL_ORIG64,0.2699018120765686,-0.09904232621192932,0.3689441382884979,0.12551146745681763,0.043632932007312775,0.5423370003700256,0.21823665499687195,0.08034403622150421,0.6107751727104187,
35,1,1,OUT,0.4,GL_RAND64,0.2728779911994934,-0.09911265969276428,0.3719906508922577,0.12579463422298431,0.045111577957868576,1.4298436641693115,0.22526267170906067,0.08165092766284943,1.5695514678955078,77.0
35,1,1,OUT,0.6,OP,0.25710636377334595,-0.1775006651878357,0.43460702896118164,0.1296737939119339,0.22847974300384521,0.0,0.0,0.0,0.0,
35,1,1,OUT,0.6,GL_ORIG64,0.2699018120765686,-0.17136940360069275,0.44127121567726135,0.11430634558200836,0.03545353189110756,0.5562562346458435,0.23144717514514923,0.08243245631456375,0.6110973954200745,
35,1,1,OUT,0.6,GL_RAND64,0.2728779911994934,-0.17136651277542114,0.44424450397491455,0.114397794008255,0.03608908876776695,1.425611972808838,0.23722222447395325,0.08289622515439987,1.570951223373413,77.0
35,1,1,OUT,0.8,OP,0.25710636377334595,-0.2126738429069519,0.46978020668029785,0.10224170237779617,0.23052704334259033,0.0,0.0,0.0,0.0,
35,1,1,OUT,0.8,GL_ORIG64,0.2699018120765686,-0.2098964899778366,0.4797983020544052,0.06520642340183258,0.03364055976271629,0.5703414082527161,0.23445472121238708,0.09215040504932404,0.5864626169204712,
35,1,1,OUT,0.8,GL_RAND64,0.2728779911994934,-0.20988890528678894,0.48276689648628235,0.06538508087396622,0.035402242094278336,1.4392602443695068,0.24065861105918884,0.09296524524688721,1.5746198892593384,77.0
35,1,1,IN,0.1,OP,0.25710636377334595,-0.11267349123954773,-0.3697798550128937,0.11244159936904907,0.10903884470462799,0.0,0.0,0.0,0.0,
35,1,1,IN,0.1,GL_ORIG64,0.2699018120765686,-0.11146992444992065,-0.38137173652648926,0.10414384305477142,0.05997622758150101,0.290149450302124,0.08159492909908295,0.049384672194719315,0.5680069327354431,
35,1,1,IN,0.1,GL_RAND64,0.2728779911994934,-0.10986195504665375,-0.38273994624614716,0.11058451235294342,0.08150017261505127,1.4299323558807373,0.10571114718914032,0.0625971257686615,1.5737090110778809,77.0
35,1,1,IN,0.2,OP,0.25710636377334595,-0.018843233585357666,-0.2759495973587036,0.07953143119812012,0.10289949178695679,0.0,0.0,0.0,0.0,
35,1,1,IN,0.2,GL_ORIG64,0.2699018120765686,-0.01682440936565399,-0.2867262214422226,0.06882471591234207,0.04560098052024841,0.29671984910964966,0.08554629236459732,0.04358796030282974,0.5742141604423523,
35,1,1,IN,0.2,GL_RAND64,0.2728779911994934,-0.014329105615615845,-0.28720709681510925,0.0766143873333931,0.06854501366615295,1.4313184022903442,0.1066858097910881,0.056274984031915665,1.5725549459457397,77.0
35,1,1,IN,0.4,OP,0.25710636377334595,0.13999982178211212,-0.11710654199123383,0.05258912593126297,0.10205928981304169,0.0,0.0,0.0,0.0,
35,1,1,IN,0.4,GL_ORIG64,0.2699018120765686,0.14486482739448547,-0.12503698468208313,0.04400298744440079,0.03607235103845596,0.30631905794143677,0.09042492508888245,0.03837452456355095,0.5829051733016968,
35,1,1,IN,0.4,GL_RAND64,0.2728779911994934,0.14784406125545502,-0.1250339299440384,0.05387471243739128,0.06122221425175667,1.4286130666732788,0.11092492192983627,0.05038519203662872,1.57065749168396,77.0
35,1,1,IN,0.6,OP,0.25710636377334595,0.2083011418581009,-0.048805221915245056,0.04351180046796799,0.10711132735013962,0.0,0.0,0.0,0.0,
35,1,1,IN,0.6,GL_ORIG64,0.2699018120765686,0.21615411341190338,-0.05374769866466522,0.035479865968227386,0.035450685769319534,0.3159812092781067,0.09654146432876587,0.03918404504656792,0.6091712117195129,
35,1,1,IN,0.6,GL_RAND64,0.2728779911994934,0.21911151707172394,-0.05376647412776947,0.04642479121685028,0.06003449484705925,1.4284306764602661,0.11582772433757782,0.05029219016432762,1.5713145732879639,77.0
35,1,1,IN,0.8,OP,0.25710636377334595,0.2454158514738083,-0.011690512299537659,0.04045293480157852,0.10985005646944046,0.0,0.0,0.0,0.0,
35,1,1,IN,0.8,GL_ORIG64,0.2699018120765686,0.2564181685447693,-0.013483643531799316,0.030521370470523834,0.03530910983681679,0.32059261202812195,0.09972625225782394,0.04006972908973694,0.6020034551620483,
35,1,1,IN,0.8,GL_RAND64,0.2728779911994934,0.2593965530395508,-0.013481438159942627,0.042469196021556854,0.05963798239827156,1.4282457828521729,0.11839019507169724,0.05073292925953865,1.5678296089172363,77.0
36,1,0,OUT,0.1,OP,0.03283105790615082,0.032477617263793945,0.00035344064235687256,0.20239998400211334,0.262245237827301,0.0,0.0,0.0,0.0,
36,1,0,OUT,0.1,GL_ORIG64,0.03159834444522858,0.031271353363990784,0.00032699108123779297,0.22439809143543243,0.03530293330550194,0.6094196438789368,0.27055230736732483,0.0595722571015358,0.6136603355407715,
36,1,0,OUT,0.1,GL_RAND64,0.03156392276287079,0.0312386155128479,0.0003253072500228882,0.22471773624420166,0.03941003233194351,1.4296534061431885,0.2764722406864166,0.060749661177396774,1.57676100730896,78.0
36,1,0,OUT,0.2,OP,0.03283105790615082,0.03225626051425934,0.0005747973918914795,0.20246897637844086,0.26243844628334045,0.0,0.0,0.0,0.0,
36,1,0,OUT,0.2,GL_ORIG64,0.03159834444522858,0.031069859862327576,0.000528484582901001,0.22449851036071777,0.03531082347035408,0.609810471534729,0.2707826793193817,0.059529684484004974,0.6335142254829407,
36,1,0,OUT,0.2,GL_RAND64,0.03156392276287079,0.031041428446769714,0.0005224943161010742,0.22481802105903625,0.03941559046506882,1.4295233488082886,0.27669933438301086,0.06070687621831894,1.5752652883529663,78.0
36,1,0,OUT,0.4,OP,0.03283105790615082,0.03210970759391785,0.0007213503122329712,0.20298826694488525,0.26286008954048157,0.0,0.0,0.0,0.0,
36,1,0,OUT,0.4,GL_ORIG64,0.03159834444522858,0.030962258577346802,0.0006360858678817749,0.22511519491672516,0.03534211963415146,0.6107599139213562,0.27127763628959656,0.059544820338487625,0.6495046019554138,
36,1,0,OUT,0.4,GL_RAND64,0.03156392276287079,0.030935630202293396,0.0006282925605773926,0.22543494403362274,0.03937797620892525,1.4297187328338623,0.2771841883659363,0.06072045862674713,1.574384331703186,78.0
36,1,0,OUT,0.6,OP,0.03283105790615082,0.03200675547122955,0.0008243024349212646,0.2034378945827484,0.26324746012687683,0.0,0.0,0.0,0.0,
36,1,0,OUT,0.6,GL_ORIG64,0.03159834444522858,0.030872270464897156,0.0007260739803314209,0.22560134530067444,0.03537526726722717,0.6116958260536194,0.27173370122909546,0.05966230481863022,0.6430866122245789,
36,1,0,OUT,0.6,GL_RAND64,0.03156392276287079,0.030845552682876587,0.0007183700799942017,0.22591879963874817,0.03935111314058304,1.42975914478302,0.2776281237602234,0.060834240168333054,1.5760358572006226,78.0
36,1,0,OUT,0.8,OP,0.03283105790615082,0.032259613275527954,0.0005714446306228638,0.20675930380821228,0.2649157643318176,0.0,0.0,0.0,0.0,
36,1,0,OUT,0.8,GL_ORIG64,0.03159834444522858,0.031232714653015137,0.00036562979221343994,0.2294095903635025,0.03574909269809723,0.6159218549728394,0.27363499999046326,0.05998640134930611,0.644999623298645,
36,1,0,OUT,0.8,GL_RAND64,0.03156392276287079,0.031211256980895996,0.0003526657819747925,0.22973372042179108,0.03970848768949509,1.4296146631240845,0.2795546054840088,0.061175424605607986,1.5748165845870972,78.0
36,1,0,IN,0.1,OP,0.03283105790615082,0.04798072576522827,0.015149667859077454,0.09612253308296204,0.22214758396148682,0.0,0.0,0.0,0.0,
36,1,0,IN,0.1,GL_ORIG64,0.03159834444522858,0.04795582592487335,0.016357481479644775,0.030954165384173393,0.04257584735751152,0.5566344857215881,0.22181296348571777,0.1011895090341568,0.6052079200744629,
36,1,0,IN,0.1,GL_RAND64,0.03156392276287079,0.047952428460121155,0.016388505697250366,0.03188767656683922,0.04209618270397186,1.4354759454727173,0.22813594341278076,0.1026211753487587,1.5773972272872925,78.0
36,1,0,IN,0.2,OP,0.03283105790615082,0.04827241599559784,0.015441358089447021,0.1002911925315857,0.21895831823349,0.0,0.0,0.0,0.0,
36,1,0,IN,0.2,GL_ORIG64,0.03159834444522858,0.04823331534862518,0.016634970903396606,0.0463314913213253,0.045703865587711334,0.5465656518936157,0.21703708171844482,0.10006438195705414,0.6259849667549133,
36,1,0,IN,0.2,GL_RAND64,0.03156392276287079,0.04822753369808197,0.01666361093521118,0.04680383950471878,0.04722928628325462,1.4493268728256226,0.22323770821094513,0.10129479318857193,1.576350450515747,78.0
36,1,0,IN,0.4,OP,0.03283105790615082,0.048827216029167175,0.015996158123016357,0.10565266758203506,0.20993614196777344,0.0,0.0,0.0,0.0,
36,1,0,IN,0.4,GL_ORIG64,0.03159834444522858,0.04876279830932617,0.017164453864097595,0.07989809662103653,0.04085659980773926,0.5182883739471436,0.2084074467420578,0.0839577317237854,0.6382229328155518,
36,1,0,IN,0.4,GL_RAND64,0.03156392276287079,0.04875354468822479,0.017189621925354004,0.08073467016220093,0.044717587530612946,1.4305087327957153,0.2148710936307907,0.08493045717477798,1.5758694410324097,78.0
36,1,0,IN,0.6,OP,0.03283105790615082,0.04881398379802704,0.01598292589187622,0.0872599184513092,0.20034271478652954,0.0,0.0,0.0,0.0,
36,1,0,IN,0.6,GL_ORIG64,0.03159834444522858,0.04873470962047577,0.017136365175247192,0.06154119223356247,0.039506614208221436,0.4933328330516815,0.19819802045822144,0.06929308921098709,0.6285281777381897,
36,1,0,IN,0.6,GL_RAND64,0.03156392276287079,0.04872538149356842,0.017161458730697632,0.06245582550764084,0.04584255814552307,1.4308420419692993,0.20552101731300354,0.07063618302345276,1.575748085975647,78.0
36,1,0,IN,0.8,OP,0.03283105790615082,0.048824623227119446,0.015993565320968628,0.07720384746789932,0.18800900876522064,0.0,0.0,0.0,0.0,
36,1,0,IN,0.8,GL_ORIG64,0.03159834444522858,0.048675477504730225,0.017077133059501648,0.051341161131858826,0.035982243716716766,0.4526089131832123,0.18610037863254547,0.06166861578822136,0.6222080588340759,
36,1,0,IN,0.8,GL_RAND64,0.03156392276287079,0.04866562783718109,0.017101705074310303,0.05239943787455559,0.04125287011265755,1.433691143989563,0.1927686631679535,0.06257723271846771,1.575667142868042,78.0
37,1,1,OUT,0.1,OP,-0.0716286152601242,-0.11033789813518524,0.038709282875061035,0.1341482251882553,0.19812826812267303,0.0,0.0,0.0,0.0,
37,1,1,OUT,0.1,GL_ORIG64,-0.06246761977672577,-0.10284779965877533,0.04038017988204956,0.13758665323257446,0.035673558712005615,0.48105964064598083,0.1971234530210495,0.05701271817088127,0.648530900478363,
37,1,1,OUT,0.1,GL_RAND64,-0.06126255542039871,-0.10174024105072021,0.0404776856303215,0.1403959095478058,0.04338669776916504,1.434370994567871,0.20425821840763092,0.06436004489660263,1.5700957775115967,79.0
37,1,1,OUT,0.2,OP,-0.0716286152601242,-0.13688147068023682,0.06525285542011261,0.17246372997760773,0.2131209373474121,0.0,0.0,0.0,0.0,
37,1,1,OUT,0.2,GL_ORIG64,-0.06246761977672577,-0.13026320934295654,0.06779558956623077,0.17622531950473785,0.04195505380630493,0.5122677087783813,0.21200421452522278,0.06343669444322586,0.6677391529083252,
37,1,1,OUT,0.2,GL_RAND64,-0.06126255542039871,-0.1294524073600769,0.06818985193967819,0.17854316532611847,0.04853440076112747,1.4367074966430664,0.21942895650863647,0.07037697732448578,1.5713081359863281,79.0
37,1,1,OUT,0.4,OP,-0.0716286152601242,-0.18161387741565704,0.10998526215553284,0.2198297381401062,0.22856171429157257,0.0,0.0,0.0,0.0,
37,1,1,OUT,0.4,GL_ORIG64,-0.06246761977672577,-0.17605729401111603,0.11358967423439026,0.21881425380706787,0.056355349719524384,0.558375358581543,0.22470355033874512,0.08050069212913513,0.6848272085189819,
37,1,1,OUT,0.4,GL_RAND64,-0.06126255542039871,-0.1759292334318161,0.11466667801141739,0.21903635561466217,0.054569803178310394,1.4576952457427979,0.23159977793693542,0.08171659708023071,1.5710822343826294,79.0
37,1,1,OUT,0.6,OP,-0.0716286152601242,-0.2045695036649704,0.1329408884048462,0.23987020552158356,0.21858179569244385,0.0,0.0,0.0,0.0,
37,1,1,OUT,0.6,GL_ORIG64,-0.06246761977672577,-0.20112650096416473,0.13865888118743896,0.23672454059123993,0.05776073411107063,0.5272158980369568,0.21220503747463226,0.08700976520776749,0.6732164621353149,
37,1,1,OUT,0.6,GL_RAND64,-0.06126255542039871,-0.20107677578926086,0.13981422036886215,0.2364964634180069,0.0597865916788578,1.4123549461364746,0.21900567412376404,0.08902483433485031,1.571069598197937,79.0
37,1,1,OUT,0.8,OP,-0.0716286152601242,-0.22135110199451447,0.14972248673439026,0.1748403161764145,0.22446151077747345,0.0,0.0,0.0,0.0,
37,1,1,OUT,0.8,GL_ORIG64,-0.06246761977672577,-0.22020553052425385,0.15773791074752808,0.16571661829948425,0.04596417024731636,0.5348721146583557,0.2228935956954956,0.096184141933918,0.6341584920883179,
37,1,1,OUT,0.8,GL_RAND64,-0.06126255542039871,-0.22019633650779724,0.15893378108739853,0.16575045883655548,0.046594467014074326,1.422098159790039,0.2299230396747589,0.0968240424990654,1.573226809501648,79.0
37,1,1,IN,0.1,OP,-0.0716286152601242,-0.18384206295013428,-0.11221344769001007,0.19723908603191376,0.20039266347885132,0.0,0.0,0.0,0.0,
37,1,1,IN,0.1,GL_ORIG64,-0.06246761977672577,-0.18131667375564575,-0.11884905397891998,0.20275749266147614,0.035689063370227814,0.4849850833415985,0.199293315410614,0.05650463327765465,0.6499269008636475,
37,1,1,IN,0.1,GL_RAND64,-0.06126255542039871,-0.18122455477714539,-0.11996199935674667,0.20286700129508972,0.0334496833384037,1.4247782230377197,0.2051587700843811,0.058102868497371674,1.5719307661056519,79.0
37,1,1,IN,0.2,OP,-0.0716286152601242,-0.15827041864395142,-0.08664180338382721,0.18326474726200104,0.19207653403282166,0.0,0.0,0.0,0.0,
37,1,1,IN,0.2,GL_ORIG64,-0.06246761977672577,-0.15452444553375244,-0.09205682575702667,0.18702912330627441,0.03909299150109291,0.4661003351211548,0.18924877047538757,0.05788582190871239,0.6798750162124634,
37,1,1,IN,0.2,GL_RAND64,-0.06126255542039871,-0.15414321422576904,-0.09288065880537033,0.18776258826255798,0.04045075923204422,1.4259376525878906,0.19523321092128754,0.06108378991484642,1.5711643695831299,79.0
37,1,1,IN,0.4,OP,-0.0716286152601242,-0.1171163022518158,-0.04548768699169159,0.1341358870267868,0.1950131207704544,0.0,0.0,0.0,0.0,
37,1,1,IN,0.4,GL_ORIG64,-0.06246761977672577,-0.11201049387454987,-0.0495428740978241,0.1326880156993866,0.04194275662302971,0.4656842052936554,0.19203388690948486,0.05632496997714043,0.6983590126037598,
37,1,1,IN,0.4,GL_RAND64,-0.06126255542039871,-0.1110016480088234,-0.04973909258842468,0.13526786863803864,0.04676446691155434,1.4272538423538208,0.1985670030117035,0.06300368905067444,1.5705043077468872,79.0
37,1,1,IN,0.6,OP,-0.0716286152601242,-0.09451686590909958,-0.022888250648975372,0.10421201586723328,0.1985437273979187,0.0,0.0,0.0,0.0,
37,1,1,IN,0.6,GL_ORIG64,-0.06246761977672577,-0.08779016137123108,-0.02532254159450531,0.10282327979803085,0.03743026778101921,0.47946879267692566,0.19720911979675293,0.05448057875037193,0.6973935961723328,
37,1,1,IN,0.6,GL_RAND64,-0.06126255542039871,-0.08668622374534607,-0.025423668324947357,0.1055871844291687,0.04163900390267372,1.4365378618240356,0.20386187732219696,0.06054282560944557,1.570913553237915,79.0
37,1,1,IN,0.8,OP,-0.0716286152601242,-0.07624394446611404,-0.004615329205989838,0.07351738959550858,0.19732634723186493,0.0,0.0,0.0,0.0,
37,1,1,IN,0.8,GL_ORIG64,-0.06246761977672577,-0.06797291338443756,-0.005505293607711792,0.07028137147426605,0.03404727205634117,0.4790716767311096,0.19666597247123718,0.05304966866970062,0.6664637327194214,
37,1,1,IN,0.8,GL_RAND64,-0.06126255542039871,-0.06677106767892838,-0.005508512258529663,0.07393570989370346,0.03854798153042793,1.4331605434417725,0.203257218003273,0.05892807990312576,1.5701509714126587,79.0
38,1,0,OUT,0.1,OP,-0.023330286145210266,-0.023369595408439636,3.930926322937012e-05,0.027974989265203476,0.07850021123886108,0.0,0.0,0.0,0.0,
38,1,0,OUT,0.1,GL_ORIG64,-0.02468802034854889,-0.02464279532432556,-4.522502422332764e-05,0.020468421280384064,0.031618088483810425,0.2365870326757431,0.06678122282028198,0.028993891552090645,0.6134626269340515,
38,1,0,OUT,0.1,GL_RAND64,-0.025984033942222595,-0.025940239429473877,-4.379451274871826e-05,0.04500636085867882,0.06065879017114639,1.4169106483459473,0.09038941562175751,0.05075697973370552,1.572840690612793,80.0
38,1,0,OUT,0.2,OP,-0.023330286145210266,-0.023503214120864868,0.00017292797565460205,0.02796647883951664,0.07830105721950531,0.0,0.0,0.0,0.0,
38,1,0,OUT,0.2,GL_ORIG64,-0.02468802034854889,-0.024771541357040405,8.352100849151611e-05,0.02046770043671131,0.031621303409338,0.23620522022247314,0.06654514372348785,0.028983812779188156,0.6452348232269287,
38,1,0,OUT,0.2,GL_RAND64,-0.025984033942222595,-0.026068702340126038,8.466839790344238e-05,0.04500749334692955,0.060677509754896164,1.4169079065322876,0.09021985530853271,0.05075276643037796,1.5729914903640747,80.0
38,1,0,OUT,0.4,OP,-0.023330286145210266,-0.023371517658233643,4.1231513023376465e-05,0.028915420174598694,0.0780956894159317,0.0,0.0,0.0,0.0,
38,1,0,OUT,0.4,GL_ORIG64,-0.02468802034854889,-0.0245828777551651,-0.00010514259338378906,0.021484622731804848,0.031928639858961105,0.23545877635478973,0.06605039536952972,0.029259834438562393,0.6632885336875916,
38,1,0,OUT,0.4,GL_RAND64,-0.025984033942222595,-0.025886327028274536,-9.770691394805908e-05,0.04567711427807808,0.060867682099342346,1.4169141054153442,0.08990205824375153,0.050988826900720596,1.5746028423309326,80.0
38,1,0,OUT,0.6,OP,-0.023330286145210266,-0.023086637258529663,-0.00024364888668060303,0.031152240931987762,0.07867323607206345,0.0,0.0,0.0,0.0,
38,1,0,OUT,0.6,GL_ORIG64,-0.02468802034854889,-0.024237260222434998,-0.0004507601261138916,0.023715175688266754,0.03320376202464104,0.23537857830524445,0.06593256443738937,0.02975178323686123,0.6347848773002625,
38,1,0,OUT,0.6,GL_RAND64,-0.025984033942222595,-0.025529325008392334,-0.00045470893383026123,0.046697136014699936,0.06148650497198105,1.416000247001648,0.08994542062282562,0.05134918913245201,1.5728493928909302,80.0
38,1,0,OUT,0.8,OP,-0.023330286145210266,-0.012980997562408447,-0.010349288582801819,0.10666196793317795,0.12288032472133636,0.0,0.0,0.0,0.0,
38,1,0,OUT,0.8,GL_ORIG64,-0.02468802034854889,-0.013763606548309326,-0.010924413800239563,0.0938553437590599,0.078526571393013,0.2932043969631195,0.0817672610282898,0.04695883020758629,0.618472695350647,
38,1,0,OUT,0.8,GL_RAND64,-0.025984033942222595,-0.015049993991851807,-0.010934039950370789,0.10409696400165558,0.09759068489074707,1.4128252267837524,0.10389953851699829,0.06595170497894287,1.5722453594207764,80.0
38,1,0,IN,0.1,OP,-0.023330286145210266,0.048174723982810974,0.07150501012802124,0.15703238546848297,0.19831807911396027,0.0,0.0,0.0,0.0,
38,1,0,IN,0.1,GL_ORIG64,-0.02468802034854889,0.04802887141704559,0.07271689176559448,0.09242505580186844,0.04973259195685387,0.48754820227622986,0.19156193733215332,0.12808871269226074,0.6294746398925781,
38,1,0,IN,0.1,GL_RAND64,-0.025984033942222595,0.048028066754341125,0.07401210069656372,0.08955658227205276,0.05143214017152786,1.4031671285629272,0.20167215168476105,0.1337624490261078,1.5720914602279663,80.0
38,1,0,IN,0.2,OP,-0.023330286145210266,0.04841209948062897,0.07174238562583923,0.15631511807441711,0.2034764587879181,0.0,0.0,0.0,0.0,
38,1,0,IN,0.2,GL_ORIG64,-0.02468802034854889,0.04826758801937103,0.07295560836791992,0.09223645180463791,0.04946614056825638,0.5005174279212952,0.19740916788578033,0.12794561684131622,0.6647515892982483,
38,1,0,IN,0.2,GL_RAND64,-0.025984033942222595,0.04826711118221283,0.07425114512443542,0.0894508957862854,0.05106627941131592,1.4058043956756592,0.2068348526954651,0.13346229493618011,1.572068452835083,80.0
38,1,0,IN,0.4,OP,-0.023330286145210266,0.048991769552230835,0.0723220556974411,0.16961951553821564,0.2104998230934143,0.0,0.0,0.0,0.0,
38,1,0,IN,0.4,GL_ORIG64,-0.02468802034854889,0.04884621500968933,0.07353423535823822,0.11561494320631027,0.05285055935382843,0.5014932155609131,0.20345711708068848,0.12186264991760254,0.6706014275550842,
38,1,0,IN,0.4,GL_RAND64,-0.025984033942222595,0.04884211719036102,0.07482615113258362,0.11571645736694336,0.054095227271318436,1.4211915731430054,0.2122838795185089,0.12489060312509537,1.5721040964126587,80.0
38,1,0,IN,0.6,OP,-0.023330286145210266,0.04945163428783417,0.07278192043304443,0.1780887395143509,0.2055395096540451,0.0,0.0,0.0,0.0,
38,1,0,IN,0.6,GL_ORIG64,-0.02468802034854889,0.049255579710006714,0.0739436000585556,0.14312179386615753,0.06833155453205109,0.48975297808647156,0.18878814578056335,0.10002349317073822,0.6389185190200806,
38,1,0,IN,0.6,GL_RAND64,-0.025984033942222595,0.04924479126930237,0.07522882521152496,0.14412462711334229,0.07107143849134445,1.5013669729232788,0.1980673223733902,0.10356654971837997,1.5719711780548096,80.0
38,1,0,IN,0.8,OP,-0.023330286145210266,0.04277236759662628,0.06610265374183655,0.2955782413482666,0.27177107334136963,0.0,0.0,0.0,0.0,
38,1,0,IN,0.8,GL_ORIG64,-0.02468802034854889,0.041612252593040466,0.06630027294158936,0.26272135972976685,0.1510104089975357,0.6845305562019348,0.20545850694179535,0.12440686672925949,0.6181540489196777,
38,1,0,IN,0.8,GL_RAND64,-0.025984033942222595,0.04156680405139923,0.06755083799362183,0.2607545852661133,0.1445039063692093,1.4582542181015015,0.2169518768787384,0.1259314864873886,1.5718674659729004,80.0
39,1,1,OUT,0.1,OP,0.03834301233291626,-0.02512940764427185,0.06347241997718811,0.10306063294410706,0.1763835847377777,0.0,0.0,0.0,0.0,
39,1,1,OUT,0.1,GL_ORIG64,0.05148911476135254,-0.01294948160648346,0.064438596367836,0.0924108549952507,0.06647123396396637,0.43951553106307983,0.1574794352054596,0.07108414173126221,0.5964669585227966,
39,1,1,OUT,0.1,GL_RAND64,0.05407647788524628,-0.011048376560211182,0.06512485444545746,0.09867189079523087,0.07928063720464706,1.4032639265060425,0.16887341439723969,0.07891109585762024,1.5743153095245361,81.0
39,1,1,OUT,0.2,OP,0.03834301233291626,-0.07650042325258255,0.11484343558549881,0.1280142217874527,0.20065121352672577,0.0,0.0,0.0,0.0,
39,1,1,OUT,0.2,GL_ORIG64,0.05148911476135254,-0.06529629975557327,0.11678541451692581,0.11601291596889496,0.07904177904129028,0.4819868206977844,0.1784249246120453,0.08168633282184601,0.6118992567062378,
39,1,1,OUT,0.2,GL_RAND64,0.05407647788524628,-0.06390988081693649,0.11798635870218277,0.12085931748151779,0.08944495022296906,1.4356858730316162,0.18952198326587677,0.0881652757525444,1.5748870372772217,81.0
39,1,1,OUT,0.4,OP,0.03834301233291626,-0.1644217073917389,0.20276471972465515,0.13100096583366394,0.23817098140716553,0.0,0.0,0.0,0.0,
39,1,1,OUT,0.4,GL_ORIG64,0.05148911476135254,-0.15684685111045837,0.2083359658718109,0.1339062601327896,0.05200149863958359,0.5753230452537537,0.2354813814163208,0.09927535057067871,0.5961717963218689,
39,1,1,OUT,0.4,GL_RAND64,0.05407647788524628,-0.15681065618991852,0.2108871340751648,0.13458053767681122,0.05202498659491539,1.4396971464157104,0.24348647892475128,0.1004389300942421,1.5722808837890625,81.0
39,1,1,OUT,0.6,OP,0.03834301233291626,-0.20369938015937805,0.2420423924922943,0.09630955755710602,0.22323358058929443,0.0,0.0,0.0,0.0,
39,1,1,OUT,0.6,GL_ORIG64,0.05148911476135254,-0.199575737118721,0.25106485188007355,0.05750894919037819,0.03330117464065552,0.5577808022499084,0.22593003511428833,0.08499835431575775,0.5945588946342468,
39,1,1,OUT,0.6,GL_RAND64,0.05407647788524628,-0.19954854249954224,0.2536250203847885,0.05772457271814346,0.034717872738838196,1.4390623569488525,0.23227038979530334,0.08549711853265762,1.5739233493804932,81.0
39,1,1,OUT,0.8,OP,0.03834301233291626,-0.2176055759191513,0.25594858825206757,0.10582391917705536,0.22738900780677795,0.0,0.0,0.0,0.0,
39,1,1,OUT,0.8,GL_ORIG64,0.05148911476135254,-0.21569210290908813,0.2671812176704407,0.0633389949798584,0.035559672862291336,0.5674904584884644,0.23037107288837433,0.09318652004003525,0.591846227645874,
39,1,1,OUT,0.8,GL_RAND64,0.05407647788524628,-0.21567608416080475,0.269752562046051,0.06397837400436401,0.038237135857343674,1.4371942281723022,0.23774121701717377,0.09397522360086441,1.5737413167953491,81.0
39,1,1,IN,0.1,OP,0.03834301233291626,-0.16115184128284454,-0.1994948536157608,0.14449883997440338,0.15607856214046478,0.0,0.0,0.0,0.0,
39,1,1,IN,0.1,GL_ORIG64,0.05148911476135254,-0.15924420952796936,-0.2107333242893219,0.1290675848722458,0.07735621929168701,0.36990317702293396,0.1255699247121811,0.06857086718082428,0.5866745114326477,
39,1,1,IN,0.1,GL_RAND64,0.05407647788524628,-0.15826231241226196,-0.21233879029750824,0.13401734828948975,0.09336026012897491,1.448569893836975,0.14233991503715515,0.07793927937746048,1.5733023881912231,81.0
39,1,1,IN,0.2,OP,0.03834301233291626,-0.11107981204986572,-0.14942282438278198,0.12637460231781006,0.1463659405708313,0.0,0.0,0.0,0.0,
39,1,1,IN,0.2,GL_ORIG64,0.05148911476135254,-0.10740910470485687,-0.1588982194662094,0.11280185729265213,0.07000481337308884,0.3685099184513092,0.11963917315006256,0.0631938949227333,0.5994078516960144,
39,1,1,IN,0.2,GL_RAND64,0.05407647788524628,-0.10598890483379364,-0.16006538271903992,0.11775253713130951,0.08619242161512375,1.4049545526504517,0.1351563036441803,0.07326863706111908,1.5729776620864868,81.0
39,1,1,IN,0.4,OP,0.03834301233291626,-0.023208916187286377,-0.06155192852020264,0.05824340134859085,0.12488434463739395,0.0,0.0,0.0,0.0,
39,1,1,IN,0.4,GL_ORIG64,0.05148911476135254,-0.016769371926784515,-0.06825848668813705,0.05530073493719101,0.04010288044810295,0.34470048546791077,0.1135123148560524,0.048936501145362854,0.5827338099479675,
39,1,1,IN,0.4,GL_RAND64,0.05407647788524628,-0.014148131012916565,-0.06822460889816284,0.06491947174072266,0.0626731887459755,1.4134726524353027,0.12934017181396484,0.06137216463685036,1.5761483907699585,81.0
39,1,1,IN,0.6,OP,0.03834301233291626,0.01619451493024826,-0.022148497402668,0.05627210810780525,0.13974742591381073,0.0,0.0,0.0,0.0,
39,1,1,IN,0.6,GL_ORIG64,0.05148911476135254,0.025723062455654144,-0.025766052305698395,0.05723649263381958,0.040658798068761826,0.37192079424858093,0.12960442900657654,0.05393316596746445,0.6009717583656311,
39,1,1,IN,0.6,GL_RAND64,0.05407647788524628,0.028309017419815063,-0.025767460465431213,0.06580160558223724,0.06117762252688408,1.4164202213287354,0.14384004473686218,0.06455333530902863,1.5762110948562622,81.0
39,1,1,IN,0.8,OP,0.03834301233291626,0.031531959772109985,-0.006811052560806274,0.056405533105134964,0.14276905357837677,0.0,0.0,0.0,0.0,
39,1,1,IN,0.8,GL_ORIG64,0.05148911476135254,0.04327153414487839,-0.008217580616474152,0.056208692491054535,0.0402710884809494,0.37821677327156067,0.13321535289287567,0.05454007163643837,0.6043034195899963,
39,1,1,IN,0.8,GL_RAND64,0.05407647788524628,0.04585668444633484,-0.008219793438911438,0.06470503658056259,0.060394223779439926,1.4171302318572998,0.14695727825164795,0.06484056264162064,1.5764811038970947,81.0
